source,model_tag,n,log2_mean,log2_sd,ks_D,ks_p
Empirical,empirical,510,6.927062953561247,1.0138376967581133,0.025674176901956558,0.8810473416264406
ARW4,arw4,10000,7.125839683909843,0.4726003206278346,0.006471821427509239,0.7938081964187254
Unfitted-GRW,unfitted_grw,10000,6.9608281062524835,1.974190522226522,0.039524896034368595,5.1990015762838484e-14
GRW-Y,grw_y,10000,8.67698096107844,3.5146139133438865,0.0731138777501873,6.221771017206057e-47
AR(1)-GRW-Y,ar1_y,10000,7.076300434144268,0.770324094181788,0.008532472634894872,0.45789239354751876
AR(1)-GRW-S,ar1_s,10000,7.096675746203415,0.76033781838313,0.00793749937849586,0.5516278241613898
Hurdle-AR(1)-GRW-S,hurdle_ar1_s,10000,6.8733083098040835,0.6169107432894638,0.010388373400175954,0.22908588427857846
Hurdle-AR(1)-GRW-S-P,hurdle_ar1_s_p,10000,6.915435496913102,0.7092193511717689,0.025996353379536208,2.6468900084082214e-06
Hurdle-AR(3)-GRW-S-P,hurdle_ar3_s_p,10000,6.784671403788347,0.9099338356292653,0.014914140301042544,0.02315490057905562
