model,model_tag,career_sd_ks_D,career_sd_ks_p,zero_count_ks_D,zero_count_ks_p,cum5_t,cum5_p
ARW4,arw4,0.18506470588235294,5.120471292973746e-15,0.6901960784313725,4.8940302768935554e-229,-0.6775930558016706,0.4983182699991191
Unfitted-GRW,unfitted_grw,0.28518039215686275,2.1588542168048172e-35,0.6901960784313725,4.8940302768935554e-229,2.960383746417008,0.0031907567599899775
GRW-Y,grw_y,0.5727882352941176,1.620249048246475e-150,0.16919607843137255,1.3028317947092795e-12,-16.53738237030432,1.2153686289918072e-60
AR(1)-GRW-Y,ar1_y,0.39661176470588233,3.167086748400463e-69,0.4361470588235294,2.7179713645179244e-84,-2.685840162332253,0.007437213873585172
AR(1)-GRW-S,ar1_s,0.4075098039215686,3.279255842718446e-73,0.4390470588235294,1.8277289874044223e-85,-3.1902819134616878,0.0014958467753613542
Hurdle-AR(1)-GRW-S,hurdle_ar1_s,0.20480588235294117,2.551444963200051e-18,0.16480392156862744,5.517372319775992e-12,2.7806175605605903,0.005612057213278496
Hurdle-AR(1)-GRW-S-P,hurdle_ar1_s_p,0.2248058823529412,5.095202645549663e-22,0.14685294117647057,1.3457978232667385e-09,2.560738724251324,0.010708988182544019
Hurdle-AR(3)-GRW-S-P,hurdle_ar3_s_p,0.12000980392156863,1.508018157507657e-06,0.1388529411764706,1.2671278519917559e-08,2.499758245936086,0.012709578622681272
