rep,model,annual_ks_mean,cum_total_ks,cum_y5_ks,zero_years_ks,terminal_rank_abs_error,rank_curve_rmse,dropout_rmse,restart_rmse,increment_ks,gini_abs_error,top1_abs_error
0,SE-Hurdle-S,0.06921279510111997,0.07106598984771574,0.06937394247038917,0.05583756345177665,0.059891644740635436,0.043268563285944424,0.02543670349488487,0.07588930332659892,0.0540609137055838,0.009676534622060251,0.0062428793283938674
0,SE-Hurdle-T5,0.06598984771573604,0.05922165820642978,0.0676818950930626,0.0338409475465313,0.04536553054886708,0.05879400666546029,0.021069547067015245,0.07427475386912252,0.055583756345177704,0.023485082617539677,0.01001168819378584
0,Hurdle-AR(5)-S-P,0.09032310047538473,0.07106598984771574,0.04568527918781726,0.19627749576988154,0.15416978792680888,0.19988058504613662,0.02142169459762246,0.05223278061925319,0.06218274111675126,0.04371118928768308,0.0007499902563665173
1,SE-Hurdle-S,0.06478124244621705,0.06260575296108291,0.032148900169204735,0.03553299492385787,0.0015209787884166714,0.03771647206652833,0.016516093832191516,0.0637707434925254,0.05854483925549914,0.03045428224843616,0.004620789863140483
1,SE-Hurdle-T5,0.06598984771573603,0.05583756345177665,0.043993231810490696,0.025380710659898477,0.05198076894948511,0.07662137176432605,0.018037063602609576,0.057889383829594354,0.05829103214890019,0.03730217365454669,0.009137663363014338
1,Hurdle-AR(5)-S-P,0.10120054790105551,0.07445008460236886,0.06429780033840947,0.16751269035532995,0.12422946030723732,0.17541761241800546,0.03017136337634539,0.061885174124956414,0.0643824027072758,0.020399869693416894,0.0011379408129399693
2,SE-Hurdle-S,0.06188058979937154,0.07106598984771574,0.047377326565143825,0.03553299492385787,0.029337425069214246,0.052015416842924475,0.018544594711244596,0.059768333511357234,0.05736040609137061,0.002714748291187341,0.004130795843434842
2,SE-Hurdle-T5,0.06244460559181371,0.0338409475465313,0.04568527918781726,0.05583756345177665,0.030678615768109624,0.04257347244523317,0.01993625150035687,0.058444922560821226,0.05626057529610834,0.01005258248409896,0.003221281407341646
2,Hurdle-AR(5)-S-P,0.09024252679075014,0.05245346869712352,0.05245346869712352,0.17428087986463622,0.12121369963461621,0.20367524822645694,0.02648958848637428,0.07309711119837968,0.06252115059221658,0.03161939502486277,0.006150068376869218
3,SE-Hurdle-S,0.06937394247038917,0.05922165820642978,0.05752961082910321,0.05583756345177665,0.05838165672451931,0.04592541991173918,0.017691990981063124,0.06114390055030621,0.06108291032148899,0.006266965166347449,0.004367402805477788
3,SE-Hurdle-T5,0.06373378454596729,0.07106598984771574,0.047377326565143825,0.04568527918781726,0.13722105127305673,0.08636845958829274,0.02161533133873709,0.08839487060201126,0.059983079526226724,0.030729582603640004,0.00704829579730798
3,Hurdle-AR(5)-S-P,0.10418177423253566,0.07952622673434856,0.03722504230118443,0.19458544839255498,0.16989290673565058,0.21437026414687815,0.031181804955110685,0.06048123131183445,0.05862944162436551,0.04614156934694447,0.004441294079180619
4,SE-Hurdle-S,0.067601321408428,0.06260575296108291,0.03722504230118443,0.04060913705583756,0.022649090850850317,0.06278245221303863,0.019844133755850278,0.057464340258838474,0.05397631133671743,0.031536530239616334,0.007946924981885477
4,SE-Hurdle-T5,0.07066312142454274,0.08460236886632826,0.05583756345177665,0.06598984771573604,0.06840201228741868,0.08398888425000942,0.01855645068642545,0.05644718083031045,0.05109983079526226,0.029024958117832456,0.008652523778797994
4,Hurdle-AR(5)-S-P,0.09040367416001935,0.05752961082910321,0.038917089678511,0.19458544839255498,0.22447126415228005,0.22193392359233366,0.027459752044052866,0.05847302516637246,0.053299492385786795,0.03736142497530526,0.0004514850499253778
5,SE-Hurdle-S,0.07195230037869631,0.05414551607445008,0.04060913705583756,0.023688663282571912,0.022402653863908467,0.0518147606820724,0.01626137355131298,0.06276478636942545,0.054399323181049064,0.023727052899279455,0.0019422637924497582
5,SE-Hurdle-T5,0.06365321086133269,0.06091370558375635,0.032148900169204735,0.043993231810490696,0.03393548831015647,0.06325472797988103,0.02293506741882822,0.0644495870938271,0.054060913705583746,0.02107675901594175,0.009662206295397442
5,Hurdle-AR(5)-S-P,0.10394005317863184,0.05414551607445008,0.0727580372250423,0.19120135363790186,0.262673835612251,0.20256101277358168,0.029617919824266398,0.07401461656449647,0.06125211505922168,0.030876802690516125,0.006313080306926351
6,SE-Hurdle-S,0.06453952139231327,0.0829103214890017,0.049069373942470386,0.043993231810490696,0.025514018796818444,0.055546401907064225,0.021972463155120223,0.06653945950571817,0.05541455160744502,0.03627398957279021,0.013814801166867702
6,SE-Hurdle-T5,0.06131657400692933,0.07614213197969544,0.047377326565143825,0.049069373942470386,0.04437766074159219,0.054453346835197335,0.0221954720071146,0.08075928512738606,0.0643824027072758,0.009372797779125253,0.008515272781241368
6,Hurdle-AR(5)-S-P,0.09000080573684632,0.05245346869712352,0.05583756345177665,0.16074450084602368,0.158700330822808,0.1835275122704629,0.027383590450386602,0.08243824966254693,0.060575296108291043,0.042939844229677504,0.008180436334626624
7,SE-Hurdle-S,0.0681653372008702,0.08460236886632826,0.05245346869712352,0.04568527918781726,0.05274901687030775,0.05816181536058507,0.015854946623482573,0.06428984430423165,0.05050761421319799,0.032005305315537746,0.010122729665256729
7,SE-Hurdle-T5,0.06945451615502377,0.07445008460236886,0.07106598984771574,0.04060913705583756,0.023303289026574858,0.06952223103518439,0.016536032747239474,0.07773300444668192,0.050761421319796995,0.04359331855006088,0.008149114967843915
7,Hurdle-AR(5)-S-P,0.10587382160986221,0.0727580372250423,0.05752961082910321,0.17258883248730963,0.19029426633541216,0.20526754852772153,0.02964047409377708,0.045784302942052185,0.06852791878172587,0.03721339431766507,0.005843120806151653
8,SE-Hurdle-S,0.06582870034646686,0.0829103214890017,0.06937394247038917,0.05922165820642978,0.06423529944847897,0.06447972729074827,0.022401201438584487,0.06346178690079485,0.05270727580372253,0.021394252483124043,0.0037108471033913473
8,SE-Hurdle-T5,0.06252517927644832,0.05414551607445008,0.038917089678511,0.05922165820642978,0.0017463756864316837,0.062472198821311,0.020576816388709705,0.05715291305501347,0.056345177664974655,0.012934865218947822,0.007623474611030773
8,Hurdle-AR(5)-S-P,0.09588268471517201,0.05922165820642978,0.06091370558375635,0.1793570219966159,0.13008569000137216,0.18646649133886462,0.031004302076410466,0.06576030194622333,0.06040609137055841,0.040723254012392296,0.00444165688709007
9,SE-Hurdle-S,0.06349206349206349,0.050761421319796954,0.05922165820642978,0.04230118443316413,0.014965952527314391,0.04636689149970629,0.022996331247498055,0.05970824731340792,0.05829103214890019,0.01489057906303004,0.00626778824830268
9,SE-Hurdle-T5,0.07179115300942711,0.09644670050761421,0.047377326565143825,0.043993231810490696,0.08833874292451009,0.09489803543126142,0.01929725871983659,0.04085453404273833,0.055245346869712386,0.039854242417834584,0.009438163992009037
9,Hurdle-AR(5)-S-P,0.09249858996051889,0.05752961082910321,0.06260575296108291,0.15736040609137056,0.19187303088283275,0.21268087542409606,0.029123953694571755,0.05406530640907013,0.05600676818950928,0.03720964274507205,0.004859605524063462
10,SE-Hurdle-S,0.06639271613890903,0.07614213197969544,0.08121827411167512,0.047377326565143825,0.028122985379774895,0.060460398926074556,0.021440156625691074,0.05280007873648989,0.05744500846023687,0.013631069753172742,0.009479892399528754
10,SE-Hurdle-T5,0.068407058254774,0.06260575296108291,0.05245346869712352,0.02707275803722504,0.15745508710708375,0.11779118396543277,0.018368601463295813,0.07121097228843556,0.059475465313028775,0.03469364434106731,0.005933613820235925
10,Hurdle-AR(5)-S-P,0.0833937635968093,0.07106598984771574,0.0338409475465313,0.16243654822335024,0.16979104174419923,0.20502618462226652,0.02637375622541317,0.07804438110082347,0.059052453468697086,0.04879449435062744,0.004656492738152954
11,SE-Hurdle-S,0.0629280476996213,0.077834179357022,0.08121827411167512,0.032148900169204735,0.003795493744336881,0.04948627458447114,0.021680186002048497,0.05979393854234094,0.05203045685279184,0.01771034073484956,0.011558004487889809
11,SE-Hurdle-T5,0.0686487793086778,0.08629441624365482,0.049069373942470386,0.07445008460236886,0.10111179818548105,0.07205513453680955,0.020957283311538278,0.044961925956097014,0.05575296108291039,0.02909199248918548,0.008677347654566216
11,Hurdle-AR(5)-S-P,0.09040367416001933,0.04230118443316413,0.05752961082910321,0.16412859560067683,0.1239196940283788,0.18042826746994634,0.025758253914863406,0.06343428814767701,0.06226734348561763,0.012815977819327251,0.003314776501680619
12,SE-Hurdle-S,0.06719845298525501,0.05922165820642978,0.050761421319796954,0.050761421319796954,0.042922993429732686,0.05355122662440699,0.02430157631258734,0.07754485300557025,0.057529610829103184,0.009560534714606106,0.008974262799952705
12,SE-Hurdle-T5,0.06711787930062041,0.06937394247038917,0.047377326565143825,0.04568527918781726,0.09236536197194378,0.07614668291976362,0.021413962045992878,0.05249347131534321,0.05016920473773273,0.03593824142874308,0.007943557352292893
12,Hurdle-AR(5)-S-P,0.09604383208444123,0.06260575296108291,0.06091370558375635,0.1692047377326565,0.13036996206258183,0.16853748292140733,0.02861128938101934,0.035596360251997965,0.06108291032148899,0.029555000463445724,0.00327779990549501
13,SE-Hurdle-S,0.061961163484006127,0.03722504230118443,0.030456852791878174,0.018612521150592216,0.022030482892568398,0.038821719548855244,0.019820449979083058,0.0703492856473228,0.05769881556683587,0.018247453839888572,0.004644553887878773
13,SE-Hurdle-T5,0.07203287406333092,0.08798646362098139,0.04060913705583756,0.023688663282571912,0.07041636847792165,0.07252393271498687,0.02162335241370181,0.053805854585663164,0.05583756345177665,0.0359819750109685,0.013991235830618207
13,Hurdle-AR(5)-S-P,0.1156232374506486,0.09475465313028765,0.09475465313028765,0.2131979695431472,0.23688062216901185,0.24009807823322998,0.0327190543852947,0.05899532253211994,0.06548223350253812,0.02749466628898628,0.0025590880009069353
14,SE-Hurdle-S,0.06486181613085165,0.05752961082910321,0.04060913705583756,0.023688663282571912,0.033390376968888025,0.06596395029732352,0.018264346336223203,0.05733089684486723,0.05685279187817255,0.01567319800804018,0.00578183365830489
14,SE-Hurdle-T5,0.06171944243010233,0.077834179357022,0.04230118443316413,0.03722504230118443,0.05176209563462128,0.0655534812377704,0.023917258448327205,0.050073638418038635,0.054060913705583746,0.019386707564334915,0.006203989280986852
14,Hurdle-AR(5)-S-P,0.10700185319474659,0.10490693739424704,0.05414551607445008,0.19458544839255498,0.30822967442963123,0.2655686825249961,0.02747959495454281,0.04397640041438512,0.06379018612521153,0.054134154341863194,0.004406360505343612
15,SE-Hurdle-S,0.060430263475948744,0.06091370558375635,0.038917089678511,0.04568527918781726,0.07107543986310047,0.07620264910415218,0.015650035472846702,0.07888496455983073,0.06032148900169204,0.03130439866971707,0.008854119388612192
15,SE-Hurdle-T5,0.07332205301748448,0.08967851099830795,0.05583756345177665,0.04568527918781726,0.061153461041274365,0.05790757981023536,0.019156705219686012,0.06618442683344343,0.055837563451776706,0.04894523513890492,0.00679056960199164
15,Hurdle-AR(5)-S-P,0.08540810571267422,0.043993231810490696,0.043993231810490696,0.13874788494077833,0.13234495007187985,0.19123515327340562,0.029502167457456575,0.044651798643000624,0.0553299492385787,0.02182622088640601,0.004817157430789476
16,SE-Hurdle-S,0.06784304246233182,0.05922165820642978,0.04230118443316413,0.04230118443316413,0.00609023695855937,0.06592993656511963,0.014810350144459033,0.06467835681428008,0.04932318104906941,0.028883739162776367,0.0006583108654049721
16,SE-Hurdle-T5,0.0685682056240432,0.04230118443316413,0.049069373942470386,0.038917089678511,0.07113017026091728,0.0805080873662499,0.019399764989555247,0.0482134019749681,0.049576988155668356,0.03981416637467039,0.009916413644123802
16,Hurdle-AR(5)-S-P,0.09523809523809523,0.06937394247038917,0.06429780033840947,0.1844331641285956,0.19795271242426457,0.20450813716331182,0.03458436159865942,0.07130929812917577,0.05600676818950928,0.03679151790208518,0.008754835547735255
17,SE-Hurdle-S,0.0628474740149867,0.05414551607445008,0.050761421319796954,0.032148900169204735,0.007476209030720826,0.05969816613392506,0.020553786386436967,0.06942683134699913,0.06226734348561758,0.01683193343892847,0.00443358633137466
17,SE-Hurdle-T5,0.06365321086133269,0.0727580372250423,0.028764805414551606,0.04568527918781726,0.1585407017240819,0.11808603066766983,0.016367036997861795,0.059729926900384485,0.05617597292724197,0.04007953774762191,0.01064420772325795
17,Hurdle-AR(5)-S-P,0.09958907420836355,0.07445008460236886,0.049069373942470386,0.1895093062605753,0.17402088878777455,0.1995818452034036,0.03086920708503959,0.059695091602958335,0.06421319796954317,0.03545266035418987,0.0019047715856713929
18,SE-Hurdle-S,0.06864877930867778,0.07952622673434856,0.038917089678511,0.0676818950930626,0.04280132241698362,0.04595828631154197,0.022008903334146356,0.05231556603073687,0.05693739424703892,0.02319215827070048,0.008802513538774301
18,SE-Hurdle-T5,0.0626863266457175,0.06091370558375635,0.05922165820642978,0.032148900169204735,0.11690367562796497,0.07379891032890518,0.01604419551086435,0.05258798462047827,0.05972927241962778,0.018810217533397067,0.002295759544642076
18,Hurdle-AR(5)-S-P,0.08903392152123117,0.06429780033840947,0.04060913705583756,0.1658206429780034,0.1415670463873498,0.2035783761533341,0.03017177358566643,0.056786408827008,0.05693739424703892,0.04627960283514654,0.004251590038079192
19,SE-Hurdle-S,0.06977681089356216,0.08629441624365482,0.0338409475465313,0.043993231810490696,0.009479855916813856,0.04492358712766689,0.017759029701997556,0.04968410421954725,0.05219966159052458,0.01594714804070929,0.002952426179878752
19,SE-Hurdle-T5,0.06268632664571751,0.06598984771573604,0.06260575296108291,0.030456852791878174,0.05122955852629066,0.0721410323317726,0.017750374141581277,0.0721748753031103,0.06108291032148899,0.02109455488740858,0.005405506960992124
19,Hurdle-AR(5)-S-P,0.0830714688582709,0.06091370558375635,0.038917089678511,0.15905245346869712,0.14071406937636366,0.2180383268868575,0.022772277684914816,0.06581227295470346,0.05676818950930629,0.038370341722456014,7.315190150596063e-05
20,SE-Hurdle-S,0.06880992667794698,0.043993231810490696,0.05752961082910321,0.047377326565143825,0.02883767425006792,0.03535743739787549,0.02035132943588936,0.05199048276132462,0.055160744500846015,0.020128173198336985,0.006076310144197038
20,SE-Hurdle-T5,0.06099427926839095,0.09813874788494077,0.05583756345177665,0.021996615905245348,0.0031800362513086655,0.05811876308699707,0.022543889850750343,0.060610472876433584,0.0538071065989848,0.002255993055290839,0.002708439397350597
20,Hurdle-AR(5)-S-P,0.11151397953428412,0.09644670050761421,0.07445008460236886,0.20304568527918782,0.10042355933633414,0.1716903284618107,0.035793798094512094,0.055353575779271254,0.05947546531302872,0.04529442053552968,0.0016043097810558293
21,SE-Hurdle-S,0.06961566352429294,0.06598984771573604,0.047377326565143825,0.02707275803722504,0.010892183989372445,0.05057461031856416,0.02434537258409235,0.06941461741745618,0.05431472081218269,0.03435769895417673,0.010279089924888365
21,SE-Hurdle-T5,0.06171944243010233,0.06260575296108291,0.030456852791878174,0.032148900169204735,0.0661995470764434,0.07033350873035853,0.023493029805238996,0.05407070100416338,0.055160744500846015,0.017180544105454332,0.0013616304991053776
21,Hurdle-AR(5)-S-P,0.09934735315445975,0.07106598984771574,0.0676818950930626,0.20812182741116753,0.15527684667366096,0.1922148494729618,0.030144502640521972,0.055447387705543166,0.06218274111675126,0.03827846197003881,0.0014563474464287726
22,SE-Hurdle-S,0.06526468455402466,0.05922165820642978,0.05414551607445008,0.03722504230118443,0.0016400806220596142,0.038862505928334526,0.018035605886322643,0.053616995902001904,0.05803722504230113,0.020584742451687676,0.008953477223242814
22,SE-Hurdle-T5,0.06429780033840948,0.0676818950930626,0.02707275803722504,0.03553299492385787,0.09738965141263048,0.11752116272670725,0.021190905795707236,0.057295662872770124,0.05423011844331643,0.04070527039946176,0.008786200732370963
22,Hurdle-AR(5)-S-P,0.08145999516557893,0.05583756345177665,0.049069373942470386,0.16412859560067683,0.17993603924910925,0.22484195767070642,0.028055478101771957,0.07208200989570639,0.055160744500846015,0.04023254214797395,0.0015287582275687814
23,SE-Hurdle-S,0.06470066876158247,0.05752961082910321,0.043993231810490696,0.04230118443316413,0.031678572353285694,0.050813130258828575,0.02047072864104524,0.06495136161349166,0.054399323181049064,0.02290948889188682,0.007949485924572522
23,SE-Hurdle-T5,0.06486181613085165,0.09306260575296109,0.05583756345177665,0.047377326565143825,0.039852625195255204,0.03582687597566013,0.01718693609352289,0.06517363440569324,0.054906937394247124,0.02778560442279132,0.010647600378905782
23,Hurdle-AR(5)-S-P,0.09636612682297964,0.06598984771573604,0.050761421319796954,0.17258883248730963,0.21267676025119558,0.21247130733814829,0.02826502358300261,0.07341861973817147,0.05600676818950934,0.029217620752796325,0.0030938458449929
24,SE-Hurdle-S,0.06695673193135121,0.05245346869712352,0.04568527918781726,0.049069373942470386,0.009485012742722121,0.030286567523843778,0.02158551479135322,0.06838369765263198,0.06573604060913701,0.007246112688312822,0.0005336454038212396
24,SE-Hurdle-T5,0.06727902666988961,0.0829103214890017,0.038917089678511,0.032148900169204735,0.017916885529349946,0.05522269304637928,0.02198103486871642,0.06284780606925934,0.053214890016920424,0.023954909253501022,0.0049406660998474045
24,Hurdle-AR(5)-S-P,0.1166706953508984,0.09306260575296109,0.0676818950930626,0.19120135363790186,0.21005633652666592,0.22727507042425704,0.037088762077746563,0.0525721215994297,0.060744500846023675,0.02176904768471699,8.469188472238348e-05
25,SE-Hurdle-S,0.06832648457013939,0.0727580372250423,0.06429780033840947,0.047377326565143825,0.001986680462997825,0.03959720868508031,0.019457108228340646,0.07238573949678813,0.0603214890016921,0.021076589701655546,0.005358939353973795
25,SE-Hurdle-T5,0.07211344774796552,0.09644670050761421,0.06260575296108291,0.05922165820642978,0.029723974827772892,0.0894648544240663,0.027759549179715248,0.06096214243630801,0.05516074450084607,0.03138851405408072,0.005693394174500585
25,Hurdle-AR(5)-S-P,0.1067601321408428,0.07106598984771574,0.05245346869712352,0.20304568527918782,0.17460574537529466,0.22670768666222701,0.03266921194557219,0.04593392897680407,0.06370558375634516,0.031213819651381758,0.0026737350848848734
26,SE-Hurdle-S,0.06196116348400612,0.06937394247038917,0.05583756345177665,0.049069373942470386,0.005721492517117399,0.036183670797703044,0.016371847139353832,0.05844359656924671,0.05956006768189509,0.01857147626117528,0.0035383824376384043
26,SE-Hurdle-T5,0.06502296350012085,0.077834179357022,0.050761421319796954,0.03722504230118443,0.08268121185060574,0.08124143056030052,0.01738198915947056,0.07619786085386969,0.05084602368866331,0.03940037275226632,0.009716836587179617
26,Hurdle-AR(5)-S-P,0.10168399000886309,0.0727580372250423,0.05922165820642978,0.1658206429780034,0.17203211846971084,0.1889119848954806,0.025514813529545568,0.04743750424745745,0.06522842639593912,0.04781118829635744,0.013638173601467178
27,SE-Hurdle-S,0.0688905003625816,0.05583756345177665,0.06598984771573604,0.050761421319796954,0.009544431175174423,0.034983882702648184,0.025565901715829006,0.04338505378566271,0.06226734348561758,0.017540517829595592,0.009915636638152057
27,SE-Hurdle-T5,0.06615099508500524,0.05922165820642978,0.047377326565143825,0.03722504230118443,0.034839211224532485,0.05412461596065949,0.017513668079149704,0.07508689536411299,0.0576142131979695,0.03570007139325926,0.005860669306765015
27,Hurdle-AR(5)-S-P,0.10111997421642092,0.077834179357022,0.05752961082910321,0.19627749576988154,0.1491289618492699,0.20642346579226156,0.030026320303876215,0.059954075090763476,0.06252115059221663,0.02681584374575624,0.00011966496838518997
28,SE-Hurdle-S,0.05970510031423738,0.08121827411167512,0.07614213197969544,0.03553299492385787,0.021107411058322534,0.043587288557103705,0.022611016882853715,0.08273605732188177,0.05262267343485616,0.010590108826265765,0.0038608040003539415
28,SE-Hurdle-T5,0.06502296350012085,0.08629441624365482,0.06429780033840947,0.043993231810490696,0.03389244114602691,0.05971246254863428,0.02451923316055378,0.04549482571225223,0.05304568527918785,0.024295478474715637,0.002806661092359261
28,Hurdle-AR(5)-S-P,0.10232857948593989,0.06091370558375635,0.06429780033840947,0.20642978003384094,0.2045663150162033,0.19050705491476197,0.033737022244038566,0.06218757628468531,0.05829103214890019,0.03694126312445656,0.006496433613316838
29,SE-Hurdle-S,0.07235516880186932,0.09813874788494077,0.047377326565143825,0.047377326565143825,0.04361868172182615,0.053030949883289706,0.024075807822011335,0.06833846820699438,0.05245346869712353,0.030656970752287405,0.006101771406976382
29,SE-Hurdle-T5,0.07163000564015791,0.0676818950930626,0.05752961082910321,0.030456852791878174,0.03856678240891162,0.05615421972433563,0.020190900685556918,0.05645231812653037,0.05118443316412863,0.026420458095497812,0.005918948845626389
29,Hurdle-AR(5)-S-P,0.10482636370961244,0.07106598984771574,0.06091370558375635,0.18274111675126903,0.11235460793979439,0.1794351216097202,0.036942371642297675,0.05765564201096473,0.06218274111675126,0.027558766905559418,0.003692907303737371
30,SE-Hurdle-S,0.0679236161469664,0.05414551607445008,0.04230118443316413,0.0338409475465313,0.03728516016416758,0.05169103162619936,0.022220686645041333,0.05570302528976465,0.04940778341793567,0.03160276200453216,0.009288372743092188
30,SE-Hurdle-T5,0.061316574006929345,0.06598984771573604,0.04230118443316413,0.038917089678511,0.07572122830346081,0.06249407492861349,0.02278865552500908,0.05772305716874171,0.05541455160744507,0.032957501529224775,0.01434921301343385
30,Hurdle-AR(5)-S-P,0.09910563210055595,0.06937394247038917,0.05752961082910321,0.1692047377326565,0.09227391207615068,0.23113720709465152,0.02505987603219912,0.06975123701220966,0.05668358714043992,0.04602264037485809,0.006112588948541012
31,SE-Hurdle-S,0.06534525823865925,0.06937394247038917,0.032148900169204735,0.028764805414551606,0.04827731243631753,0.047065003443818254,0.02044339015782569,0.08068998005759036,0.057191201353637866,0.023851141969903622,0.009365144909336216
31,SE-Hurdle-T5,0.058899363467891395,0.05922165820642978,0.05583756345177665,0.04060913705583756,0.0655249993398826,0.07217940111053647,0.019862774605656434,0.04343000044446324,0.0527918781725889,0.019901272939908565,0.0054227676966903185
31,Hurdle-AR(5)-S-P,0.09265973732978809,0.05922165820642978,0.038917089678511,0.1505922165820643,0.12348822701374089,0.17881340041981902,0.02968787815675229,0.08843588454243095,0.058967851099830826,0.04377065341140374,0.0054048132287535244
32,SE-Hurdle-S,0.07034082668600435,0.032148900169204735,0.05583756345177665,0.04230118443316413,0.043249427878530755,0.061677463588236246,0.024455896498827775,0.06188315881029275,0.059983079526226724,0.011031764840007674,0.006922378388326676
32,SE-Hurdle-T5,0.06413665296914027,0.077834179357022,0.06429780033840947,0.030456852791878174,0.04345912105789504,0.08382329441883649,0.019596959249298513,0.05629635723591565,0.05989847715736035,0.032329867400242795,0.009275894599008058
32,Hurdle-AR(5)-S-P,0.1122391426959955,0.077834179357022,0.0676818950930626,0.1895093062605753,0.2445696655125018,0.2033063351785911,0.0341792033052648,0.06675981326208141,0.05744500846023687,0.031157457511250486,0.004218736390547581
33,SE-Hurdle-S,0.06188058979937151,0.06429780033840947,0.04060913705583756,0.03553299492385787,0.024021172792298873,0.04036020206075569,0.021754133696830304,0.04925848903416645,0.05862944162436545,0.02018540847019723,0.009244872834513813
33,SE-Hurdle-T5,0.06220288453790992,0.08629441624365482,0.06260575296108291,0.023688663282571912,0.03803154920866314,0.047646108156539975,0.017585617121016733,0.057969097535268785,0.055076142131979644,0.03257522673998686,0.012084301474308168
33,Hurdle-AR(5)-S-P,0.08629441624365482,0.05583756345177665,0.03722504230118443,0.18104906937394247,0.20845597355115453,0.171159020077526,0.023538068243453118,0.05555440410508671,0.06192893401015226,0.05521886906856682,0.007641297103840247
34,SE-Hurdle-S,0.07066312142454273,0.06937394247038917,0.04060913705583756,0.04060913705583756,0.00825387670467384,0.040410611791269396,0.02005554838742384,0.06430247501431573,0.061252115059221623,0.02565524864766522,0.007262188102926649
34,SE-Hurdle-T5,0.08218515832729031,0.09475465313028765,0.07614213197969544,0.050761421319796954,0.07832531379174251,0.10754011979149958,0.02252691754076659,0.0675183478746383,0.059560067681895146,0.049955207908079335,0.011146208485381746
34,Hurdle-AR(5)-S-P,0.08967851099830794,0.0727580372250423,0.05922165820642978,0.17428087986463622,0.14990767833705204,0.19664162628994014,0.03258483188388216,0.05439383861883723,0.05752961082910324,0.050967307251688354,0.004228157133145012
35,SE-Hurdle-S,0.06276690033035211,0.0676818950930626,0.0727580372250423,0.043993231810490696,0.006634347861626255,0.04047244789169613,0.020325891174636936,0.06451919504174009,0.05313028764805422,0.008109713375032412,0.005875588346124873
35,SE-Hurdle-T5,0.06937394247038918,0.08121827411167512,0.05245346869712352,0.038917089678511,0.11713712978142268,0.09911943188360704,0.015158746997315842,0.08018549706727379,0.05423011844331649,0.03693307245056271,0.0013366738193153482
35,Hurdle-AR(5)-S-P,0.10482636370961244,0.06429780033840947,0.09306260575296109,0.19289340101522842,0.21841962501957674,0.2037249446393228,0.031178180825049796,0.06981239665120172,0.06675126903553302,0.03600863343640148,0.0043489055969571574
36,SE-Hurdle-S,0.07163000564015792,0.06091370558375635,0.06260575296108291,0.049069373942470386,0.0576499326113889,0.050513865672711926,0.020744171593811374,0.061385012026873784,0.051945854483925635,0.043491950316245975,0.008906894633722906
36,SE-Hurdle-T5,0.0635726371766981,0.06429780033840947,0.06429780033840947,0.02030456852791878,0.033126541047352354,0.10600621666244144,0.020100957224349177,0.06638933934334863,0.05287648054145516,0.035886979338099534,0.0042616640313675735
36,Hurdle-AR(5)-S-P,0.09588268471517201,0.06429780033840947,0.06260575296108291,0.17766497461928935,0.19884341246343662,0.21014786170306496,0.030650401197626076,0.08348898739631905,0.06175972927241968,0.0280876900050539,0.0019109711796832102
37,SE-Hurdle-S,0.07372492144065748,0.09813874788494077,0.07106598984771574,0.06429780033840947,0.023965105945284226,0.05654637458643765,0.017780523849158947,0.07115509615096442,0.057021996615905235,0.037993367997510685,0.007961040436564489
37,SE-Hurdle-T5,0.0735637740713883,0.09475465313028765,0.028764805414551606,0.038917089678511,0.0930638381786332,0.07919309722332757,0.02631311029842595,0.0638608570772565,0.05499153976311344,0.03456779174658481,0.001606530952291449
37,Hurdle-AR(5)-S-P,0.08693900572073161,0.050761421319796954,0.050761421319796954,0.1793570219966159,0.18251365123312707,0.2130478715816691,0.02455670036941668,0.05405298315188511,0.06201353637901863,0.03395774629971943,0.0028379691384621264
38,SE-Hurdle-S,0.06220288453790991,0.04060913705583756,0.04568527918781726,0.03553299492385787,0.0014267108294468978,0.03690617451480069,0.02058184738647297,0.07593750755753281,0.059983079526226724,0.007068180029849214,0.006587093348951821
38,SE-Hurdle-T5,0.06598984771573606,0.05583756345177665,0.030456852791878174,0.021996615905245348,0.02192825538583007,0.05407785318059356,0.018457398908788863,0.06747503965564314,0.052453468697123584,0.03645316726539394,0.004497365935539142
38,Hurdle-AR(5)-S-P,0.09556038997663364,0.05752961082910321,0.05752961082910321,0.21150592216582065,0.25715812387203674,0.19816278876203378,0.03182441323302886,0.0649035808132763,0.06463620981387475,0.033571721383562736,0.003412116612257106
39,SE-Hurdle-S,0.06558697929256303,0.06260575296108291,0.04230118443316413,0.047377326565143825,0.12887144720172844,0.07306257623105215,0.017552062032935942,0.07176653863950178,0.048054145516074454,0.02386319883987248,0.004348917107336016
39,SE-Hurdle-T5,0.06067198452985255,0.0829103214890017,0.05583756345177665,0.043993231810490696,0.09727431658441657,0.08189575128315188,0.016962770606225825,0.051666417958489204,0.05846023688663282,0.024311158254933463,0.0024493461363530866
39,Hurdle-AR(5)-S-P,0.10136169527032471,0.0727580372250423,0.06598984771573604,0.17597292724196278,0.11401063985851882,0.18247448326106536,0.029991446972134576,0.053693324213055844,0.06759729272419629,0.020628922323881804,0.0009466463179885268
40,SE-Hurdle-S,0.07380549512529207,0.047377326565143825,0.05414551607445008,0.047377326565143825,0.04390904986855962,0.0451704014387551,0.026563650159286845,0.056515237283163336,0.05947546531302883,0.004126417752721989,0.004250488287086095
40,SE-Hurdle-T5,0.07557811618725324,0.08460236886632826,0.04568527918781726,0.0338409475465313,0.026650394790966758,0.06353010637299741,0.023165906125589913,0.05461780572608945,0.06116751269035536,0.04174918134079503,0.009898120589987305
40,Hurdle-AR(5)-S-P,0.09958907420836355,0.07106598984771574,0.0676818950930626,0.1895093062605753,0.19300701733564923,0.19790480763958676,0.033932820966927846,0.06476124332831229,0.05583756345177665,0.03809789091008592,6.244588148302671e-05
41,SE-Hurdle-S,0.0679236161469664,0.08967851099830795,0.03553299492385787,0.04060913705583756,0.0005380854053831652,0.04128570105536868,0.02290606447302644,0.04117480285323895,0.04983079526226736,0.02439605709571485,0.008065348071707112
41,SE-Hurdle-T5,0.06550640560792846,0.043993231810490696,0.0338409475465313,0.04060913705583756,0.1315499441413472,0.09242803012004763,0.024677238712967606,0.06634700450928292,0.05431472081218269,0.03659540680035245,0.004560358503575973
41,Hurdle-AR(5)-S-P,0.10128112158569011,0.06937394247038917,0.05245346869712352,0.1895093062605753,0.1565584593198687,0.2012526810438176,0.02766433847880563,0.058787526290417766,0.06032148900169204,0.026306474616240638,0.003966335527687652
42,SE-Hurdle-S,0.08581097413584723,0.12521150592216582,0.07614213197969544,0.08798646362098139,0.027374236384225897,0.0457150768407074,0.02622602922723721,0.07487544141003147,0.05947546531302883,0.03843283381030016,0.007636624413387687
42,SE-Hurdle-T5,0.07026025300136973,0.04230118443316413,0.050761421319796954,0.047377326565143825,0.053990629943605206,0.08317244532010497,0.017147874187024202,0.06729089933822419,0.06311336717428084,0.020619293097191516,0.004382756239778254
42,Hurdle-AR(5)-S-P,0.08097655305777134,0.049069373942470386,0.05752961082910321,0.16243654822335024,0.15539624596828558,0.2061095535408978,0.02418747987032241,0.06214177705394676,0.05397631133671743,0.04167384210715003,0.004092020091648441
43,SE-Hurdle-S,0.06502296350012085,0.0727580372250423,0.05414551607445008,0.04060913705583756,0.005128353370423361,0.05580157832012507,0.01716459491375152,0.04918738625939913,0.061505922165820626,0.01628716911147754,0.0049130844212583805
43,SE-Hurdle-T5,0.07179115300942714,0.07106598984771574,0.0676818950930626,0.03722504230118443,0.03807109298470143,0.08215942575662868,0.019703938642041948,0.06944848280131191,0.055160744500846015,0.03176419344559428,0.010313405431104872
43,Hurdle-AR(5)-S-P,0.07968737410361777,0.05583756345177665,0.047377326565143825,0.1353637901861252,0.13079743811918243,0.18116239209827137,0.023526309265003844,0.052231851546214146,0.060744500846023675,0.029590018610524627,0.002665789723718774
44,SE-Hurdle-S,0.07654500040286842,0.050761421319796954,0.05922165820642978,0.05752961082910321,0.006996334735153015,0.05013275031836167,0.022573393315207385,0.06370558684844807,0.05972927241962778,0.007474491504901537,0.00350900841118134
44,SE-Hurdle-T5,0.06582870034646685,0.09475465313028765,0.0727580372250423,0.03722504230118443,0.08032231482936997,0.06871944336812837,0.016160723756779082,0.06826512277198746,0.053976311336717375,0.036829901855855884,0.009021589360268811
44,Hurdle-AR(5)-S-P,0.11417291112722586,0.08121827411167512,0.077834179357022,0.20812182741116753,0.20947530136536024,0.23989788320347535,0.0338091450587293,0.062129196288009815,0.06201353637901863,0.03354357502669175,0.002324666321505575
45,SE-Hurdle-S,0.06687615824671662,0.06091370558375635,0.03553299492385787,0.049069373942470386,0.011324354286643412,0.0534951180747596,0.01808502250317785,0.06117010941268674,0.056514382402707286,0.02175818300436755,0.0064147530245277015
45,SE-Hurdle-T5,0.06816533720087019,0.0829103214890017,0.03553299492385787,0.049069373942470386,0.09217343074117848,0.07458961804864798,0.027557009638938364,0.05946935542313621,0.05558375634517765,0.025338828086234833,0.000871475734587776
45,Hurdle-AR(5)-S-P,0.0975747320924986,0.06429780033840947,0.038917089678511,0.15905245346869712,0.14354182070899454,0.21318058637245782,0.024236425926049764,0.05231570467609324,0.06006768189509304,0.04371342218897745,0.004232081077984631
46,SE-Hurdle-S,0.06542583192329385,0.043993231810490696,0.028764805414551606,0.04568527918781726,0.05549762041610648,0.04414825727773673,0.022781211030208172,0.07586385047605951,0.054483925549915435,0.025284835354610735,0.005338685907436608
46,SE-Hurdle-T5,0.07122713721698494,0.07614213197969544,0.028764805414551606,0.04060913705583756,0.05523927198721956,0.07555749290034565,0.016263595965226044,0.07366058046819363,0.05617597292724197,0.03598599085093224,0.005739471836751289
46,Hurdle-AR(5)-S-P,0.0982193215695754,0.05752961082910321,0.05414551607445008,0.15397631133671744,0.09214622203493676,0.16625270034757925,0.025578337553047614,0.06259028404067137,0.06379018612521153,0.025047696601359137,0.0031661533590258834
47,SE-Hurdle-S,0.06977681089356216,0.049069373942470386,0.04230118443316413,0.038917089678511,0.019048364976016502,0.04119159812882386,0.025157897711961717,0.07147381299482083,0.05846023688663282,0.015457303698267866,0.007319114428714919
47,SE-Hurdle-T5,0.06993795826283136,0.0676818950930626,0.050761421319796954,0.04230118443316413,0.12826329522467056,0.11271237771365275,0.021475334405560206,0.06077771381873036,0.05118443316412863,0.03277405507010228,0.0008509433857959228
47,Hurdle-AR(5)-S-P,0.09064539521392312,0.06091370558375635,0.05583756345177665,0.17428087986463622,0.1341798458569577,0.2073491559323844,0.028000680736044854,0.07861484842683199,0.06142131979695431,0.04112133346949842,0.0019113239085727651
48,SE-Hurdle-S,0.06631214245427446,0.05583756345177665,0.05583756345177665,0.043993231810490696,0.04729437722970736,0.06076141047635501,0.0251313833405919,0.08228323559034927,0.05583756345177665,0.023599742498576604,0.009500861863691437
48,SE-Hurdle-T5,0.06663443719281281,0.09813874788494077,0.06091370558375635,0.05922165820642978,0.029607020381556465,0.03980393267214592,0.023496541233326732,0.058752941368655165,0.056937394247038975,0.03074734838373555,0.012457366623889923
48,Hurdle-AR(5)-S-P,0.09443235839174927,0.07445008460236886,0.05752961082910321,0.18104906937394247,0.1792558898226289,0.18670824436469166,0.029094431226774315,0.07245033603403635,0.05592216582064302,0.02635399104138164,0.0021481031548708715
49,SE-Hurdle-S,0.07114656353235034,0.077834179357022,0.050761421319796954,0.05583756345177665,0.04679860776470318,0.04439742712246388,0.018301649178775442,0.055869604663232285,0.04949238578680204,0.021558857638825923,0.0049600036788934945
49,SE-Hurdle-T5,0.06897107404721618,0.08460236886632826,0.05245346869712352,0.038917089678511,0.10489988108513451,0.10241055656807552,0.020864867006000366,0.05944697914910829,0.05575296108291039,0.036681577141223276,0.009263936312685378
49,Hurdle-AR(5)-S-P,0.10651841108693898,0.0829103214890017,0.07445008460236886,0.1793570219966159,0.17170919391100772,0.1993301612971587,0.030002492882475956,0.05308908290772102,0.05651438240270723,0.04163829474067887,0.002167152870505007
50,SE-Hurdle-S,0.0677624687776972,0.09475465313028765,0.04060913705583756,0.04060913705583756,0.01020096132924464,0.05734131596944624,0.0208377753239273,0.06673577911570537,0.05008460236886636,0.025943442079745582,0.004689516594005114
50,SE-Hurdle-T5,0.0725163161711385,0.08967851099830795,0.05583756345177665,0.04568527918781726,0.06393796842078406,0.08108220948427623,0.019799243066098662,0.0748291478068138,0.05414551607445017,0.03616706934817143,0.002240022787318996
50,Hurdle-AR(5)-S-P,0.11062766900330352,0.09644670050761421,0.05752961082910321,0.20473773265651438,0.13884859691001789,0.19248893419385676,0.030627743836896912,0.04651336559683419,0.06032148900169204,0.0477888618797534,0.0016713791488387614
51,SE-Hurdle-S,0.0635726371766981,0.049069373942470386,0.049069373942470386,0.047377326565143825,0.013085951092866754,0.0422092216157574,0.021035196599508192,0.058323075804344426,0.059052453468697086,0.010504161123584044,0.007636542354430821
51,SE-Hurdle-T5,0.06687615824671662,0.07614213197969544,0.04230118443316413,0.0338409475465313,0.036945036528419406,0.05932120821845872,0.020621162305251177,0.05203394258398359,0.05549915397631133,0.037605500676516135,0.009332857456463367
51,Hurdle-AR(5)-S-P,0.10216743211667069,0.05583756345177665,0.05245346869712352,0.19458544839255498,0.17452688465141192,0.22459822584773448,0.031659044511556184,0.0689775542148007,0.06345177664974622,0.03115855235368653,0.0071318417300297934
52,SE-Hurdle-S,0.06679558456208202,0.0727580372250423,0.07106598984771574,0.05583756345177665,0.013834140580275017,0.03871383520567561,0.01805513304055247,0.06623827447724599,0.05338409475465311,0.01721753995169434,0.00829463747361854
52,SE-Hurdle-T5,0.06671501087744744,0.07952622673434856,0.049069373942470386,0.05583756345177665,0.030930833980218342,0.07063133872678898,0.02383105215166621,0.059194405640330384,0.05355329949238585,0.029248121852562925,0.0011888611848677524
52,Hurdle-AR(5)-S-P,0.10708242687938119,0.07614213197969544,0.047377326565143825,0.20135363790186125,0.14540300658974498,0.2170705495758771,0.0351862236757914,0.06065826791184642,0.058967851099830826,0.037047762079552515,0.008255471683848915
53,SE-Hurdle-S,0.07557811618725323,0.10490693739424704,0.049069373942470386,0.07445008460236886,0.014010801020451463,0.05575667716937523,0.019212134488257343,0.06334554298881565,0.05786802030456861,0.035942280351814904,0.005020864488897672
53,SE-Hurdle-T5,0.06969623720892756,0.08629441624365482,0.06091370558375635,0.05922165820642978,0.06895846491575955,0.08195576002148051,0.017471832706808223,0.05441743347923296,0.05710659898477166,0.035624705586233374,0.007412561346499966
53,Hurdle-AR(5)-S-P,0.09958907420836355,0.06091370558375635,0.08121827411167512,0.17428087986463622,0.22606609574996483,0.2252316234840458,0.03420028574740262,0.05609640923943431,0.06370558375634516,0.03169653743714218,0.0005614583784534083
54,SE-Hurdle-S,0.06808476351623557,0.0727580372250423,0.043993231810490696,0.02707275803722504,0.01248915143150836,0.04661406344699423,0.022698185347888537,0.051629625840988694,0.053807106598984744,0.026142868404742337,0.003225434894544167
54,SE-Hurdle-T5,0.06671501087744743,0.06937394247038917,0.04568527918781726,0.038917089678511,0.07624219746729938,0.08333941588833403,0.022203347332869165,0.06724229119922337,0.05346869712351948,0.023773479483598925,0.008181553619231556
54,Hurdle-AR(5)-S-P,0.0826686004350979,0.043993231810490696,0.06598984771573604,0.13367174280879865,0.1522941603061106,0.17782383324730697,0.02255001155973983,0.06568933252407215,0.056345177664974655,0.03403917517217875,0.009033488794995097
55,SE-Hurdle-S,0.06905164773185077,0.07952622673434856,0.04060913705583756,0.043993231810490696,0.001686673370635411,0.06551120566203317,0.022898902951818036,0.06384236727916938,0.04906937394247046,0.03548457509871639,0.007507125469477134
55,SE-Hurdle-T5,0.06711787930062042,0.0829103214890017,0.04568527918781726,0.02707275803722504,0.08356765408663064,0.10503223584991578,0.020322646356615584,0.07004467647277693,0.06302876480541453,0.012006933840434442,0.0006718672361850433
55,Hurdle-AR(5)-S-P,0.09338490049149947,0.077834179357022,0.07106598984771574,0.1658206429780034,0.1698086705129343,0.22829258583326267,0.02767769704881771,0.05801140020393568,0.06277495769881558,0.04387406201299704,0.003934976036621525
56,SE-Hurdle-S,0.06421722665377488,0.05583756345177665,0.043993231810490696,0.049069373942470386,0.020927226671847737,0.04915718231233255,0.02226737327691543,0.06894801804452018,0.05727580372250418,0.03509890348281969,0.009032466186668156
56,SE-Hurdle-T5,0.06800418983160099,0.049069373942470386,0.043993231810490696,0.05922165820642978,0.14086248253664305,0.11326539382376315,0.02267813691550084,0.06687441917558337,0.04847715736040614,0.03821098855919819,0.005441823886573015
56,Hurdle-AR(5)-S-P,0.09942792683909434,0.06598984771573604,0.05752961082910321,0.155668358714044,0.1472004535449451,0.20603128889402383,0.027719085651543126,0.04706480567215624,0.05837563451776645,0.03350718734375013,0.005953911420877853
57,SE-Hurdle-S,0.06671501087744743,0.04230118443316413,0.050761421319796954,0.030456852791878174,0.03306661514046852,0.053671209164883,0.020784827931618337,0.08339636463276176,0.055752961082910335,0.010136204475715282,0.0007931655056336653
57,SE-Hurdle-T5,0.06784304246233182,0.07106598984771574,0.03722504230118443,0.04060913705583756,0.060322598997947896,0.07156091626663023,0.0193326070762441,0.06348295492333268,0.05524534686971233,0.001838696405828233,0.00517444541784591
57,Hurdle-AR(5)-S-P,0.11328660059624526,0.08967851099830795,0.07614213197969544,0.20473773265651438,0.14206820857645275,0.18167542718237673,0.035700448829600946,0.04170136951137765,0.06260575296108295,0.028275869487076888,0.001271597745720561
58,SE-Hurdle-S,0.07074369510917734,0.05245346869712352,0.04568527918781726,0.03722504230118443,0.008376636495252304,0.051875024176169904,0.020760932848136543,0.06389354361827976,0.05769881556683587,0.011824448089674977,0.00806583894792963
58,SE-Hurdle-T5,0.07831762146482958,0.08460236886632826,0.050761421319796954,0.038917089678511,0.0798540869734514,0.11098685179081959,0.020226953884684297,0.08192284285831562,0.05617597292724197,0.04284658267905972,0.008362837055917914
58,Hurdle-AR(5)-S-P,0.09580211103053743,0.09137055837563451,0.04230118443316413,0.19120135363790186,0.1677324565134642,0.1953015276646523,0.032244026920145594,0.0529669756032658,0.05609137055837565,0.050698958000291505,0.0003444228137284497
59,SE-Hurdle-S,0.06550640560792846,0.049069373942470386,0.05414551607445008,0.03722504230118443,0.03150133996854762,0.047245875898946445,0.01974886438614151,0.06700385882143836,0.057021996615905235,0.012235489468539473,0.0028234040284677783
59,SE-Hurdle-T5,0.06792361614696639,0.08967851099830795,0.0727580372250423,0.04230118443316413,0.10436305575825935,0.10732773155777686,0.019708761052764128,0.07323007027869621,0.057021996615905235,0.03510090598156862,0.009882930722693577
59,Hurdle-AR(5)-S-P,0.09338490049149947,0.05752961082910321,0.07614213197969544,0.15905245346869712,0.19363731372713405,0.20414906838415378,0.029250569467857302,0.06082105524702287,0.05981387478849415,0.03444880900020675,0.005419309629144151
60,SE-Hurdle-S,0.07050197405527356,0.06937394247038917,0.04568527918781726,0.047377326565143825,0.02490329809307168,0.05547332448916854,0.016314035476604274,0.07332294157910167,0.058629441624365564,0.01934923186268206,0.0008296938580110297
60,SE-Hurdle-T5,0.06744017403915882,0.04568527918781726,0.05922165820642978,0.047377326565143825,0.0026320624474883425,0.060601675717362254,0.022037646415970263,0.059996166296057224,0.0560913705583756,0.012269638414886763,0.004282856091650293
60,Hurdle-AR(5)-S-P,0.10385947949399725,0.0676818950930626,0.07106598984771574,0.17428087986463622,0.19300264015826232,0.18485429881895532,0.03311047596316635,0.061356775885757456,0.0648900169204738,0.021660485331470913,0.0021696227986694808
61,SE-Hurdle-S,0.06993795826283136,0.04568527918781726,0.0338409475465313,0.028764805414551606,0.02248154588822851,0.055943440057026804,0.022495211463147907,0.05933854527595249,0.056514382402707286,0.024847301468440608,0.006752467500083709
61,SE-Hurdle-T5,0.0623640319071791,0.05414551607445008,0.04230118443316413,0.04230118443316413,0.03768529199813886,0.0746931249675783,0.02151309884763899,0.05241077880678189,0.05676818950930629,0.013571918737028399,0.004620758012020013
61,Hurdle-AR(5)-S-P,0.08983965836757715,0.06598984771573604,0.06598984771573604,0.17428087986463622,0.1652424923462698,0.22244367970810325,0.0254945959341514,0.08492821891666846,0.05575296108291039,0.043150111448036266,0.003840474936581968
62,SE-Hurdle-S,0.07445008460236888,0.07952622673434856,0.06091370558375635,0.04060913705583756,0.0007891723742333157,0.06092979199432601,0.01606019911603182,0.07295654724515582,0.05752961082910324,0.03181984522826903,0.00483401631365378
62,SE-Hurdle-T5,0.06985738457819675,0.07952622673434856,0.05414551607445008,0.05245346869712352,0.09239939381059731,0.10218565403302844,0.01952831950387586,0.050218747421401005,0.051438240270727575,0.044838312999396,0.014573263000078239
62,Hurdle-AR(5)-S-P,0.1051486584481508,0.06937394247038917,0.0338409475465313,0.19796954314720813,0.24565259895443015,0.2669495610756742,0.028750596639213418,0.061207574209196466,0.06091370558375636,0.03415245897457769,0.005142382383502196
63,SE-Hurdle-S,0.06308919506889049,0.05414551607445008,0.05583756345177665,0.032148900169204735,0.047617117612841486,0.041021036294753815,0.01613266295938688,0.0485330894470445,0.05016920473773262,0.025595006354417416,0.009735683130143037
63,SE-Hurdle-T5,0.06679558456208202,0.0829103214890017,0.043993231810490696,0.04060913705583756,0.15021660830824085,0.09729208181061283,0.01907371450421,0.062140479718637946,0.055245346869712386,0.047092438084988975,0.01035018391596472
63,Hurdle-AR(5)-S-P,0.09386834259930708,0.049069373942470386,0.047377326565143825,0.1658206429780034,0.13481530703395753,0.16640793486005068,0.029679190547684316,0.037993883182218566,0.058375634517766506,0.030961969994028782,0.006458014729312414
64,SE-Hurdle-S,0.067601321408428,0.06598984771573604,0.03722504230118443,0.05583756345177665,0.03210031387219145,0.031084571802069846,0.016621988003252257,0.06132946012218858,0.05676818950930629,0.0335436229450195,0.008024595837946957
64,SE-Hurdle-T5,0.06993795826283136,0.09644670050761421,0.05414551607445008,0.025380710659898477,0.1099265810166239,0.07708966018681392,0.020003642412353657,0.06693304414718956,0.055076142131979755,0.03726277750521356,0.0036899382800601316
64,Hurdle-AR(5)-S-P,0.09749415840786399,0.06260575296108291,0.06937394247038917,0.1658206429780034,0.21368452756592063,0.20944350452283753,0.025562540261252816,0.057640707999588495,0.05930626057529609,0.04524610253106437,0.0066001366216256185
65,SE-Hurdle-S,0.06848763193940859,0.05922165820642978,0.04060913705583756,0.049069373942470386,0.08562202342134087,0.055898621481534475,0.014545589754979032,0.05939420781699341,0.05913705583756346,0.020264422979759167,0.004479676145794857
65,SE-Hurdle-T5,0.0680847635162356,0.0829103214890017,0.047377326565143825,0.025380710659898477,0.14080057405209842,0.1097563307733317,0.02188519595868762,0.05464394029944394,0.0553299492385787,0.040863940275745025,0.005590337986827308
65,Hurdle-AR(5)-S-P,0.10442349528643946,0.09475465313028765,0.08629441624365482,0.19120135363790186,0.18937874645006939,0.23775032152509995,0.03792050069472742,0.0645166043037045,0.05922165820642977,0.04217768016316731,0.0029965881056802923
66,SE-Hurdle-S,0.06671501087744743,0.07106598984771574,0.05922165820642978,0.03722504230118443,0.011605228678153862,0.03302587265054486,0.020412455496720924,0.05948772244264816,0.054483925549915435,0.03622927320506103,0.010121180835215043
66,SE-Hurdle-T5,0.06405607928450567,0.04568527918781726,0.04230118443316413,0.04230118443316413,0.0867360485235319,0.08352364065757528,0.02153952238992844,0.05907305079674606,0.05211505922165821,0.028893223406079915,0.008672826272659313
66,Hurdle-AR(5)-S-P,0.10788816372572718,0.07106598984771574,0.05245346869712352,0.20642978003384094,0.1727222973288419,0.19349929738957547,0.03399372269405381,0.07436500071661559,0.06497461928934012,0.03549942154475344,0.003762755698832082
67,SE-Hurdle-S,0.07718958987994522,0.08798646362098139,0.04230118443316413,0.06937394247038917,0.04706333052822825,0.04512665466365891,0.02172640892624187,0.07782631187204873,0.05964467005076146,0.0358046456046226,0.00604237434754587
67,SE-Hurdle-T5,0.06486181613085165,0.07614213197969544,0.05414551607445008,0.038917089678511,0.11691961824163051,0.10025879088346455,0.017464043291217667,0.06511126441944978,0.05862944162436545,0.029485875176564702,0.002746060726375045
67,Hurdle-AR(5)-S-P,0.09016195310611555,0.05922165820642978,0.05752961082910321,0.17258883248730963,0.2093102541037178,0.22151972030343128,0.024117300004461065,0.05702010544744862,0.06125211505922168,0.03720692571828382,0.001912193524625773
68,SE-Hurdle-S,0.068407058254774,0.06429780033840947,0.04060913705583756,0.023688663282571912,0.012793861303533993,0.07745802201548398,0.016305281371438253,0.05451777123316679,0.0560913705583756,0.03141192016284139,0.0056440353051493
68,SE-Hurdle-T5,0.07026025300136975,0.12013536379018612,0.06598984771573604,0.038917089678511,0.035226390586703155,0.0836363202873035,0.021170817679307976,0.07800086999750888,0.05262267343485616,0.03673917666740495,0.004879727855783042
68,Hurdle-AR(5)-S-P,0.10611554266376601,0.06429780033840947,0.07445008460236886,0.21996615905245348,0.23456907543423466,0.22671000155253615,0.03681895333862443,0.06688430251517703,0.062098138747885,0.03278047402702838,0.0014316594974266503
69,SE-Hurdle-S,0.06333091612279429,0.05245346869712352,0.043993231810490696,0.047377326565143825,0.07083882607301403,0.052749325726814095,0.019369536962976882,0.05432166059319906,0.06235194585448395,0.006885624988492878,0.006970808164989566
69,SE-Hurdle-T5,0.0628474740149867,0.07445008460236886,0.04060913705583756,0.06091370558375635,0.08110326835961337,0.06461937265974006,0.02402861931807708,0.06512581889741889,0.058206429780033875,0.030326641995136627,0.002628661914044754
69,Hurdle-AR(5)-S-P,0.1114334058496495,0.09475465313028765,0.0727580372250423,0.21996615905245348,0.17882670786352525,0.21923047120192848,0.03746290493029699,0.05990287212111421,0.05719120135363792,0.04458874737020013,0.0011486787624225767
70,SE-Hurdle-S,0.06623156876963984,0.06091370558375635,0.02707275803722504,0.04568527918781726,0.04932109802336951,0.0656380066837057,0.022977652390033267,0.06678126912531557,0.05769881556683587,0.017692224125595124,0.0031151849398027218
70,SE-Hurdle-T5,0.0675207477237934,0.06091370558375635,0.038917089678511,0.023688663282571912,0.09138484699977478,0.0527920536900378,0.018423763661226267,0.055217507472703375,0.05431472081218269,0.029726645835498944,0.008054507375664446
70,Hurdle-AR(5)-S-P,0.08806703730561598,0.047377326565143825,0.05414551607445008,0.16751269035532995,0.1374938014319445,0.1906978077158996,0.031061580261767075,0.06713392710123013,0.057783417935702186,0.04074514948483482,0.0010396021298436503
71,SE-Hurdle-S,0.07654500040286842,0.06937394247038917,0.032148900169204735,0.06598984771573604,0.03763102467427276,0.03623146646115264,0.021403608905801248,0.06910803931110203,0.05262267343485627,0.03872582536419289,0.012362079037256293
71,SE-Hurdle-T5,0.06872935299331237,0.047377326565143825,0.05583756345177665,0.05245346869712352,0.0077194740256983085,0.08154326234855962,0.024394936441360506,0.06527142976928159,0.05795262267343487,0.023635740864846655,0.009562656814177152
71,Hurdle-AR(5)-S-P,0.09660784787688341,0.0676818950930626,0.06260575296108291,0.18612521150592218,0.1305793626125486,0.167786878704691,0.0278281035809823,0.06726656086229559,0.06167512690355337,0.022747290412535925,0.000477465617701435
72,SE-Hurdle-S,0.07356377407138827,0.047377326565143825,0.06260575296108291,0.047377326565143825,0.038578680043016234,0.06913765606931695,0.025903485938741103,0.06541925452793149,0.056852791878172604,0.018070414063371065,0.004937385549881088
72,SE-Hurdle-T5,0.06494238981548626,0.043993231810490696,0.043993231810490696,0.06598984771573604,0.04439933869194501,0.08501648553677896,0.01941031560511248,0.06513216739899934,0.053384094754653166,0.033467294552814664,0.00688797398836586
72,Hurdle-AR(5)-S-P,0.09894448473128675,0.05922165820642978,0.05414551607445008,0.16074450084602368,0.139367607897757,0.2186186427064891,0.03238050919006216,0.050066615646522684,0.05981387478849415,0.022194418152452988,0.005530847539263202
73,SE-Hurdle-S,0.07428893723309968,0.1218274111675127,0.049069373942470386,0.04568527918781726,0.04611296047723301,0.05636726263060288,0.019126505024176375,0.058630646806878364,0.05549915397631139,0.03729200083618306,0.009635150973266095
73,SE-Hurdle-T5,0.0638949319152365,0.0676818950930626,0.0338409475465313,0.05245346869712352,0.012449486996366887,0.0654311838307387,0.022415552669070717,0.05177356853120922,0.06294416243654821,0.022407752326363772,0.003241205785860665
73,Hurdle-AR(5)-S-P,0.10385947949399725,0.050761421319796954,0.047377326565143825,0.18274111675126903,0.15993585032210328,0.20557023674670125,0.038458182276604136,0.06795503476294368,0.057783417935702186,0.03239302228734231,0.004379640642261852
74,SE-Hurdle-S,0.05881878978325679,0.06091370558375635,0.04568527918781726,0.050761421319796954,0.04268062376505238,0.057226010856351164,0.017765772041743996,0.09097336684983781,0.06277495769881558,0.0005389735782746485,0.006876355959760612
74,SE-Hurdle-T5,0.06840705825477399,0.0829103214890017,0.05752961082910321,0.028764805414551606,0.042461829056562594,0.08750140077420444,0.017750306952015998,0.04761159787090476,0.052538071065989844,0.03183450120456344,0.008305912360732172
74,Hurdle-AR(5)-S-P,0.09483522681492225,0.05414551607445008,0.07614213197969544,0.20642978003384094,0.1934724430578746,0.1899451339373626,0.03100628007455333,0.06933123424249163,0.061505922165820626,0.026034031305103122,0.004390198631389612
75,SE-Hurdle-S,0.06719845298525502,0.050761421319796954,0.04230118443316413,0.04230118443316413,0.06985973019839592,0.05540073321488201,0.018979367897244158,0.07480523914759914,0.05812182741116756,0.013496985025998998,0.004216512231495127
75,SE-Hurdle-T5,0.06316976875352508,0.05245346869712352,0.06260575296108291,0.043993231810490696,0.08313802033744384,0.06869422025814556,0.020679507436815216,0.041477731150948355,0.056514382402707286,0.01734319971534659,0.011576821647614359
75,Hurdle-AR(5)-S-P,0.10136169527032471,0.06598984771573604,0.07106598984771574,0.16243654822335024,0.2581511570813366,0.22149239213450858,0.02803447086756494,0.06223366520242555,0.05905245346869714,0.027467724817375527,0.0056342337400829695
76,SE-Hurdle-S,0.06671501087744743,0.077834179357022,0.043993231810490696,0.03722504230118443,0.04838837880353469,0.048769907138984936,0.019087067619332168,0.04786633185669368,0.05905245346869714,0.021765171153369123,0.010081011220641568
76,SE-Hurdle-T5,0.0820240109580211,0.10998307952622674,0.07614213197969544,0.07614213197969544,0.09629124066513678,0.08212573866379383,0.023109265992366426,0.059405702561709066,0.06167512690355337,0.058438964198793186,0.0049816745129957415
76,Hurdle-AR(5)-S-P,0.10466521634034325,0.07106598984771574,0.07614213197969544,0.1692047377326565,0.1474076365104666,0.1800230489270668,0.028966609181925708,0.07106455335027184,0.05803722504230119,0.03211085781104078,0.0055097937544548725
77,SE-Hurdle-S,0.07130771090161953,0.038917089678511,0.038917089678511,0.049069373942470386,0.028460044180705912,0.05059938430081703,0.01837111885327174,0.061171358342585684,0.060913705583756306,0.008686475518033143,0.00247475938759268
77,SE-Hurdle-T5,0.06848763193940859,0.08121827411167512,0.0338409475465313,0.03553299492385787,0.04815915378491181,0.058601818851092835,0.019046263462277176,0.07451068510642034,0.0538071065989848,0.02695179083243915,0.006987771371069991
77,Hurdle-AR(5)-S-P,0.09773587946176779,0.05583756345177665,0.0829103214890017,0.17597292724196278,0.14784616314716967,0.17764201847410505,0.02643471873223519,0.06333673879053624,0.06006768189509304,0.03881100474295068,0.010512295447403237
78,SE-Hurdle-S,0.07219402143260012,0.04568527918781726,0.043993231810490696,0.021996615905245348,0.01064043132422765,0.04114144706505392,0.021211251828897788,0.07335660626358546,0.05346869712351954,0.038398296665112575,0.009844015535168053
78,SE-Hurdle-T5,0.06502296350012086,0.06091370558375635,0.04230118443316413,0.03722504230118443,0.14431977898086282,0.08408133988421453,0.016851142482773772,0.05659814974604645,0.05160744500846021,0.017724180121674538,0.008189912225011808
78,Hurdle-AR(5)-S-P,0.10377890580936266,0.0676818950930626,0.0676818950930626,0.18781725888324874,0.25349045804402154,0.21790521386226458,0.028922286020202137,0.06247460555304616,0.06345177664974616,0.032397472887176426,0.004350505759105269
79,SE-Hurdle-S,0.06510353718475545,0.07445008460236886,0.049069373942470386,0.047377326565143825,0.049890178112120404,0.049342379027977376,0.020665191558679623,0.0588787100719099,0.04906937394247035,0.017564728785504413,0.0022710621480340337
79,SE-Hurdle-T5,0.06889050036258158,0.06937394247038917,0.03722504230118443,0.049069373942470386,0.15298948247258828,0.08341875777293296,0.023202728010586662,0.049680407952485156,0.06167512690355326,0.03822055650607081,0.011379455313676082
79,Hurdle-AR(5)-S-P,0.10353718475545887,0.08121827411167512,0.06260575296108291,0.1844331641285956,0.17145938253317974,0.18467870689279317,0.03393378272470936,0.06034289381376787,0.0638747884940779,0.026123197046454494,0.003827733187251263
80,SE-Hurdle-S,0.07420836354846505,0.047377326565143825,0.05752961082910321,0.05414551607445008,0.07985836136147423,0.05820762378805029,0.022197415076928243,0.05730182717982968,0.05896785109983077,0.02828173340665946,0.007125991117744257
80,SE-Hurdle-T5,0.06727902666988962,0.05922165820642978,0.038917089678511,0.05414551607445008,0.03425025310514687,0.06001313345066434,0.022397941250853662,0.062489105064146705,0.05651438240270723,0.03849118926020528,0.010073829023225823
80,Hurdle-AR(5)-S-P,0.09652727419224881,0.06091370558375635,0.049069373942470386,0.16751269035532995,0.20444850395433334,0.18234382906985663,0.023980742469076794,0.07530575733129047,0.06489001692047375,0.035499447323275646,0.004342833351463016
81,SE-Hurdle-S,0.060188542422044966,0.05245346869712352,0.06260575296108291,0.038917089678511,0.02976576161269512,0.04910407993094364,0.016901229431528417,0.06575620354324029,0.057698815566835926,0.0034503380440013554,0.0011873536567797091
81,SE-Hurdle-T5,0.07984852147288696,0.11336717428087986,0.06091370558375635,0.04060913705583756,0.06672445959262954,0.0886455000512553,0.02439782697445834,0.05782453605630718,0.06091370558375642,0.03714703499200944,0.0033948110449427207
81,Hurdle-AR(5)-S-P,0.10345661107082428,0.05752961082910321,0.050761421319796954,0.18104906937394247,0.21155254892134132,0.22341760120473786,0.02825523712868283,0.06082093435475081,0.05913705583756346,0.0435621470783199,0.006704722689854163
82,SE-Hurdle-S,0.067601321408428,0.04230118443316413,0.043993231810490696,0.049069373942470386,0.0004626126824915089,0.051399795044654605,0.024477759497027417,0.06685685329754894,0.05837563451776656,0.01783596311192287,0.007298478701843643
82,SE-Hurdle-T5,0.060752558214487135,0.07614213197969544,0.050761421319796954,0.04060913705583756,0.03826976262360446,0.06855791319282421,0.017701039918172908,0.07560785393383905,0.05499153976311344,0.03452511655193713,0.009410803842134566
82,Hurdle-AR(5)-S-P,0.08967851099830797,0.0727580372250423,0.04060913705583756,0.17766497461928935,0.18971647524920113,0.23531057057507848,0.024364765314655354,0.06883978129400972,0.05050761421319794,0.06656245715916331,0.00901993214659777
83,SE-Hurdle-S,0.06341148980742889,0.06091370558375635,0.05245346869712352,0.043993231810490696,0.07249089793209415,0.05751974459838711,0.018577074046889828,0.05762073944009684,0.06057529610829099,0.018821320868661118,0.008741553083120357
83,SE-Hurdle-T5,0.07235516880186932,0.0727580372250423,0.038917089678511,0.030456852791878174,0.05069545168833817,0.06814079223201575,0.015520067584125333,0.05498633112693942,0.05296108291032153,0.034643662055805435,0.006781264421336676
83,Hurdle-AR(5)-S-P,0.09693014261542178,0.05414551607445008,0.05414551607445008,0.155668358714044,0.0663648570796454,0.15873309635659202,0.031379646582814516,0.053983166371974846,0.058121827411167504,0.022558449859047314,0.0028631443011144717
84,SE-Hurdle-S,0.06462009507694788,0.043993231810490696,0.04230118443316413,0.04230118443316413,0.042769387522459984,0.06073520474758702,0.01988254795554731,0.06954499342159384,0.05930626057529609,0.011449414504976274,0.0016558203420893036
84,SE-Hurdle-T5,0.06341148980742889,0.047377326565143825,0.038917089678511,0.049069373942470386,0.05672336808325537,0.12298942562658591,0.016195871397628098,0.06833566048633473,0.059306260575296144,0.023384084276292738,0.008191516630112666
84,Hurdle-AR(5)-S-P,0.09966964789299813,0.0727580372250423,0.0676818950930626,0.19120135363790186,0.19826216929555432,0.19573066150338736,0.028397279562693802,0.060119348190823055,0.05989847715736041,0.03585396493867116,0.004107832825342418
85,SE-Hurdle-S,0.06961566352429295,0.049069373942470386,0.05752961082910321,0.050761421319796954,0.009636684162065645,0.04892414935357558,0.01877706529231153,0.07001888314208674,0.060067681895093095,0.017371395838361725,0.009099095923023715
85,SE-Hurdle-T5,0.06832648457013939,0.06091370558375635,0.05245346869712352,0.05583756345177665,0.008030725567047425,0.044491993334252196,0.030908403221859577,0.040983958854250185,0.061336717428087995,0.006290334645151219,0.003450147764270245
85,Hurdle-AR(5)-S-P,0.11771815325114816,0.09813874788494077,0.09306260575296109,0.20135363790186125,0.2329040139451044,0.2346378128641241,0.03265058333847631,0.05636724687982784,0.061928934010152314,0.0362169811274039,0.0025337194697661533
86,SE-Hurdle-S,0.09185400048344212,0.11505922165820642,0.07614213197969544,0.08460236886632826,0.025578205885426947,0.06162619645288553,0.026220085491595786,0.04516292753565377,0.06649746192893402,0.047678390633857426,0.008562657593221265
86,SE-Hurdle-T5,0.0720328740633309,0.04568527918781726,0.050761421319796954,0.06260575296108291,0.039009298099140416,0.04584242999299983,0.026338656347658626,0.07044637575723767,0.06277495769881564,0.00419686475002401,0.00672663835146485
86,Hurdle-AR(5)-S-P,0.11377004270405282,0.1065989847715736,0.07952622673434856,0.1844331641285956,0.1418961180934009,0.17094485018263214,0.034016237270567046,0.06554290050009655,0.05752961082910324,0.02646573971842725,0.004212453378720574
87,SE-Hurdle-S,0.07219402143260012,0.1065989847715736,0.038917089678511,0.047377326565143825,0.0319247195328905,0.051681926607845194,0.019315806581705935,0.07041481258254924,0.0553299492385787,0.0200864896858875,0.003984958625824826
87,SE-Hurdle-T5,0.06421722665377488,0.05583756345177665,0.050761421319796954,0.030456852791878174,0.025131965375657067,0.06510338894432355,0.018083504141621198,0.08275981570289594,0.05989847715736035,0.004736440879624659,3.378965167691317e-05
87,Hurdle-AR(5)-S-P,0.08548867939730884,0.043993231810490696,0.05922165820642978,0.15397631133671744,0.17590836385343833,0.18773410399375692,0.02463041686565317,0.05512089016606063,0.057783417935702186,0.0335921206643644,0.0023498330402783388
88,SE-Hurdle-S,0.06349206349206349,0.047377326565143825,0.028764805414551606,0.03722504230118443,0.036337048717671044,0.05949659213716123,0.020980852805987327,0.07238627317157968,0.057445008460236924,0.012737900362228938,0.0036463441095327676
88,SE-Hurdle-T5,0.07114656353235031,0.07952622673434856,0.03722504230118443,0.038917089678511,0.06706523799567277,0.08234328900009244,0.020919061425895395,0.06214481624733753,0.05439932318104912,0.04437583334339451,0.011442697452819936
88,Hurdle-AR(5)-S-P,0.08476351623559746,0.05752961082910321,0.03722504230118443,0.1505922165820643,0.1713726950136379,0.21314350939949583,0.029080684670295082,0.05742534914027229,0.05423011844331643,0.03649537708726969,0.006814383635848402
89,SE-Hurdle-S,0.06139714769156393,0.06937394247038917,0.04568527918781726,0.038917089678511,0.0784132326060473,0.06389385223294704,0.02005015277748422,0.07037710040561478,0.052199661590524526,0.03276223377336257,0.008537000407292307
89,SE-Hurdle-T5,0.067601321408428,0.07106598984771574,0.038917089678511,0.05583756345177665,0.0944097624248394,0.12231891441957254,0.019072142790495242,0.055365725142823084,0.05287648054145522,0.044679803723238265,0.010427130032346021
89,Hurdle-AR(5)-S-P,0.09717186366932562,0.06429780033840947,0.05583756345177665,0.17428087986463622,0.1847712309332592,0.22199352192548524,0.031189637653308858,0.08443948366999983,0.05465313028764801,0.04434463794758353,0.007115535052775575
90,SE-Hurdle-S,0.067601321408428,0.09137055837563451,0.047377326565143825,0.05583756345177665,0.004345476333103143,0.05181138146356199,0.019607012895254315,0.06752180264261556,0.05575296108291039,0.03569563116333563,0.003181153760824368
90,SE-Hurdle-T5,0.06615099508500524,0.0829103214890017,0.06937394247038917,0.050761421319796954,0.1324087577324583,0.09557864447102002,0.01900462685533996,0.06923926685083759,0.051269035532995,0.02554004223276274,0.00019072719161165874
90,Hurdle-AR(5)-S-P,0.10547095318668921,0.07952622673434856,0.0676818950930626,0.1844331641285956,0.16143107169295226,0.1707495525174611,0.02810507905910755,0.07491639846823908,0.05854483925549919,0.03042147670420625,0.006074011759271691
91,SE-Hurdle-S,0.06244460559181371,0.0727580372250423,0.04568527918781726,0.02707275803722504,0.021396192539895664,0.0443451225473584,0.01730597242634051,0.06104595568826054,0.054399323181049064,0.019678432074515584,0.005828366447370843
91,SE-Hurdle-T5,0.06196116348400612,0.05245346869712352,0.05922165820642978,0.04230118443316413,0.07106876041731408,0.08872479242758795,0.018754773246647306,0.07408592985804599,0.05769881556683587,0.012324791411444658,0.0006718192769920028
91,Hurdle-AR(5)-S-P,0.09314317943759567,0.06091370558375635,0.038917089678511,0.18274111675126903,0.26887947066249396,0.21146474292554246,0.029855644081161377,0.06980142798865768,0.05922165820642983,0.035109088279807354,0.0029623752217765517
92,SE-Hurdle-S,0.06727902666988962,0.05752961082910321,0.05414551607445008,0.03722504230118443,0.05237503955580472,0.05121611601365895,0.022924400400545542,0.06346526449954129,0.05719120135363792,0.019654363804979258,0.0062610941507101545
92,SE-Hurdle-T5,0.06212231085327532,0.04230118443316413,0.038917089678511,0.050761421319796954,0.12672821906200776,0.10088749281823157,0.01691608485080854,0.0626293199184625,0.0576142131979695,0.023335477493591383,0.003557163025109493
92,Hurdle-AR(5)-S-P,0.1032954637015551,0.0676818950930626,0.06260575296108291,0.20135363790186125,0.1192162046166455,0.1867643452440543,0.03271822680228524,0.04977559680187032,0.05939086294416246,0.02830324518484595,0.011351459281238256
93,SE-Hurdle-S,0.06163886874546772,0.0829103214890017,0.047377326565143825,0.038917089678511,0.032119978851344294,0.046315121557013984,0.021978252102935216,0.05450165484233379,0.057529610829103184,0.006244720777638324,0.005660101094365523
93,SE-Hurdle-T5,0.07146885827088874,0.07614213197969544,0.032148900169204735,0.04568527918781726,0.0670730326491085,0.04704205932799741,0.023275633938649763,0.07194308419285389,0.054483925549915435,0.03154327881435165,0.0015246386504086107
93,Hurdle-AR(5)-S-P,0.10692127951011197,0.07952622673434856,0.06429780033840947,0.19627749576988154,0.06257155536750672,0.17733360567195963,0.032867938731697535,0.06230163586717684,0.061590524534687,0.01685359360704891,0.0011468419859722995
94,SE-Hurdle-S,0.06534525823865926,0.08798646362098139,0.05245346869712352,0.047377326565143825,0.0038557202028613458,0.03624525168252354,0.016043212300861497,0.06727739210777435,0.05972927241962772,0.017666816702317456,0.004312592473821909
94,SE-Hurdle-T5,0.06566755297719766,0.05245346869712352,0.04230118443316413,0.05583756345177665,0.02504136256095335,0.0674931858338552,0.020338833323862555,0.04874286900846507,0.056937394247038864,0.02490352698288756,0.0040839547518923686
94,Hurdle-AR(5)-S-P,0.09821932156957537,0.0829103214890017,0.06429780033840947,0.18274111675126903,0.24663191941201637,0.21515377791415594,0.029013643059422937,0.048156908072755,0.0605752961082911,0.032211395464556425,0.00017280544488884608
95,SE-Hurdle-S,0.0632503424381597,0.05752961082910321,0.049069373942470386,0.030456852791878174,0.0635443570192887,0.03767566973599006,0.01672709540023109,0.0566297840668153,0.05786802030456856,0.016780070335468966,0.007120972013074829
95,SE-Hurdle-T5,0.067601321408428,0.09813874788494077,0.050761421319796954,0.03553299492385787,0.019222972059781157,0.04371276789433622,0.021569464782886842,0.06650343631084599,0.055668358714043964,0.015694588374239482,0.005018911260336108
95,Hurdle-AR(5)-S-P,0.11449520586576423,0.10152284263959391,0.077834179357022,0.20812182741116753,0.19140464766618878,0.17763535630362337,0.03435408418216666,0.06896102531397351,0.06116751269035536,0.032724382641396155,0.0033610752280589934
96,SE-Hurdle-S,0.07686729514140682,0.08460236886632826,0.03722504230118443,0.05245346869712352,0.003493597703400103,0.05501914609635584,0.01895968140981212,0.07554387017653919,0.06201353637901863,0.024525584831879887,0.0013135970909466457
96,SE-Hurdle-T5,0.0628474740149867,0.06429780033840947,0.04060913705583756,0.05414551607445008,0.06987755516751173,0.0856056475256226,0.02180234727758503,0.06038922054112371,0.06032148900169204,0.005227629539442724,0.002636782530059792
96,Hurdle-AR(5)-S-P,0.10555152687132384,0.07106598984771574,0.0676818950930626,0.18612521150592218,0.1421010752875054,0.2219996440867609,0.030426684470350344,0.07020505945400075,0.06421319796954317,0.05048722537740419,0.009715268601805632
97,SE-Hurdle-S,0.07026025300136973,0.077834179357022,0.030456852791878174,0.05414551607445008,0.06799141779873663,0.050706652990556135,0.02250464942252252,0.056046301943481966,0.054906937394247124,0.01937072779114596,0.0023807693967897933
97,SE-Hurdle-T5,0.054790105551526865,0.06429780033840947,0.0338409475465313,0.05752961082910321,0.05256466238110086,0.0853524151925055,0.01752420871105486,0.06660941077896536,0.05659898477157366,0.019330689011840096,0.005100685827870863
97,Hurdle-AR(5)-S-P,0.10684070582547739,0.08967851099830795,0.049069373942470386,0.2098138747884941,0.23456395895808305,0.23722010401305024,0.02719341712578739,0.0707030907398832,0.061844331641286,0.048383192884533965,0.007408762426210108
98,SE-Hurdle-S,0.06139714769156393,0.0727580372250423,0.049069373942470386,0.05245346869712352,0.006540439688805744,0.05137595169527206,0.013983356737643846,0.05998543661873784,0.06082910321488999,0.0041581445887253765,0.00257425708211996
98,SE-Hurdle-T5,0.06824591088550479,0.06598984771573604,0.047377326565143825,0.03553299492385787,0.0029074883447641475,0.05111084530071339,0.019743194966020245,0.06443962956295954,0.051945854483925524,0.030326549200430097,0.0115371165411138
98,Hurdle-AR(5)-S-P,0.08581097413584722,0.05414551607445008,0.03553299492385787,0.19120135363790186,0.1926973890222154,0.23392378371011865,0.02420295387213008,0.050204863325406114,0.060152284263959355,0.03857920746785681,0.003676254724746031
99,SE-Hurdle-S,0.06607042140037064,0.05583756345177665,0.0338409475465313,0.049069373942470386,0.0484522603727254,0.038474486358136675,0.023911363000570698,0.06120172819338837,0.05871404399323177,0.00383999732857615,4.968668109422286e-05
99,SE-Hurdle-T5,0.06542583192329385,0.06937394247038917,0.03722504230118443,0.05752961082910321,0.05214213078819707,0.05820963221372622,0.021353069295854923,0.066069527450364,0.05439932318104912,0.018571793527257296,0.0008563283304197644
99,Hurdle-AR(5)-S-P,0.10297316896301668,0.07614213197969544,0.06598984771573604,0.17258883248730963,0.2081387261399101,0.22059542276105423,0.02596096523376373,0.062549220980749,0.05642978003384097,0.04731579561618565,0.005331870490090186
100,SE-Hurdle-S,0.06212231085327532,0.050761421319796954,0.02707275803722504,0.028764805414551606,0.015300381746455316,0.038421149845344005,0.02098522429214914,0.05812472162393459,0.057021996615905235,0.012792849100445758,0.008282546251873649
100,SE-Hurdle-T5,0.06897107404721618,0.05245346869712352,0.06598984771573604,0.04230118443316413,0.09009463037013836,0.09417898798837625,0.02125487994856929,0.08489199099116487,0.06023688663282578,0.04282987712863934,0.007551472609196155
100,Hurdle-AR(5)-S-P,0.09693014261542181,0.07445008460236886,0.05922165820642978,0.16412859560067683,0.16056829373676718,0.1794153599835991,0.028442903208326133,0.05171495570429004,0.06226734348561758,0.02551971248657986,0.004892473111048137
101,SE-Hurdle-S,0.06889050036258157,0.05752961082910321,0.04060913705583756,0.038917089678511,0.011318320301971885,0.05435416533349675,0.016961288478098475,0.0740526352802485,0.0638747884940779,0.018842044947708636,0.007445985482420134
101,SE-Hurdle-T5,0.06091370558375634,0.047377326565143825,0.038917089678511,0.038917089678511,0.028808587970851895,0.051722702499700776,0.022241745814019765,0.055717980682278095,0.05372250423011843,0.012974879004102935,0.005279567981951276
101,Hurdle-AR(5)-S-P,0.11610667955845623,0.07952622673434856,0.10152284263959391,0.2098138747884941,0.21782632219864367,0.17362075115330822,0.036671949435738205,0.06961268656492767,0.06624365482233502,0.015535248246563826,0.003075757853392959
102,SE-Hurdle-S,0.06413665296914028,0.07952622673434856,0.05752961082910321,0.04568527918781726,0.03344908396731511,0.039962381094006,0.0170074623975786,0.07716018196257735,0.05862944162436551,0.013213906101470385,0.00849692025601221
102,SE-Hurdle-T5,0.06018854242204495,0.0676818950930626,0.032148900169204735,0.04230118443316413,0.15173027802926392,0.10485251892922542,0.019854691894937954,0.055023928171259055,0.06006768189509304,0.027673244190755286,0.006582509845338105
102,Hurdle-AR(5)-S-P,0.10740472161791959,0.0829103214890017,0.05752961082910321,0.19627749576988154,0.21659146073690053,0.2113811239437589,0.02972308793821667,0.05547912412233466,0.06133671742808805,0.03429141648015299,0.0024247335936806377
103,SE-Hurdle-S,0.05978567399887196,0.04568527918781726,0.04230118443316413,0.04060913705583756,0.057533622591445316,0.03406371299226608,0.023551429143225448,0.05670838183178253,0.060829103214890046,0.0013961147286007392,0.0014516329965669067
103,SE-Hurdle-T5,0.06526468455402466,0.08629441624365482,0.08460236886632826,0.032148900169204735,0.07897460369692143,0.09016456209129184,0.018851663016680502,0.05649331395152716,0.053214890016920424,0.02597634750807537,0.005758066314058792
103,Hurdle-AR(5)-S-P,0.10305374264765124,0.07445008460236886,0.10321489001692047,0.17597292724196278,0.15997149880002626,0.1616328178250161,0.03547714938635948,0.066029098094406,0.06108291032148905,0.026597756968713804,0.0005694207113011857
104,SE-Hurdle-S,0.06993795826283133,0.05583756345177665,0.043993231810490696,0.03722504230118443,0.06384338161925154,0.047690242820150545,0.02106207564910778,0.06133150740757055,0.053807106598984744,0.029581614703382608,0.008932968559295033
104,SE-Hurdle-T5,0.06429780033840948,0.07445008460236886,0.0338409475465313,0.0338409475465313,0.04460684803360279,0.0732072747888616,0.016906868635033264,0.06861580985650614,0.058798646362098084,0.023194772231892924,0.0072182002208040705
104,Hurdle-AR(5)-S-P,0.11554266376601399,0.09306260575296109,0.09137055837563451,0.21658206429780033,0.21986733370810918,0.19957446746610175,0.03686626286409332,0.08580353842179782,0.06514382402707275,0.04411443840742324,0.00393379323566824
105,SE-Hurdle-S,0.07098541616308114,0.0727580372250423,0.03722504230118443,0.04230118443316413,0.0015758432527489818,0.042012524790752376,0.021525026868898317,0.06575308302178899,0.05939086294416246,0.030646119665295346,0.00835257478695313
105,SE-Hurdle-T5,0.07211344774796552,0.06260575296108291,0.04568527918781726,0.038917089678511,0.030842277610449997,0.07230095861979031,0.02223129994271271,0.048442404673576814,0.054060913705583746,0.03714176788541884,0.005777832313158031
105,Hurdle-AR(5)-S-P,0.10079767947788251,0.07445008460236886,0.047377326565143825,0.20473773265651438,0.23328983805786657,0.2385871381438553,0.030306862049177787,0.05595092154602115,0.05862944162436551,0.038549735820340214,0.0057800291610106
106,SE-Hurdle-S,0.068004189831601,0.08967851099830795,0.050761421319796954,0.06091370558375635,0.08117448715566697,0.060537643532861535,0.016980296724869764,0.060446298236525316,0.053299492385786795,0.01951365822746215,0.006564081528748877
106,SE-Hurdle-T5,0.07179115300942712,0.09475465313028765,0.04060913705583756,0.05752961082910321,0.06860026607770492,0.07902762503714646,0.02030033797539653,0.056617392128771926,0.059644670050761406,0.019481189908128582,0.007341784514273898
106,Hurdle-AR(5)-S-P,0.08871162678269277,0.05414551607445008,0.07445008460236886,0.14890016920473773,0.16112991587811987,0.19039535457728127,0.021672780794087295,0.07519991435578022,0.055668358714043964,0.03193919384307581,0.0033725561080773445
107,SE-Hurdle-S,0.07058254773990814,0.038917089678511,0.03553299492385787,0.03722504230118443,0.025412879059845794,0.0543003446837076,0.01708668129307434,0.07269996986564868,0.05296108291032148,0.02451311303111342,0.0009833369680333978
107,SE-Hurdle-T5,0.05720731609056481,0.10321489001692047,0.06091370558375635,0.04568527918781726,0.02904976439797491,0.05320900708936192,0.016795681796427136,0.059629840219186145,0.058714043993231824,0.02839817972990849,0.01069744060553831
107,Hurdle-AR(5)-S-P,0.11240029006526467,0.09983079526226735,0.05752961082910321,0.20642978003384094,0.15431065252369652,0.22834463521763534,0.03763240601352393,0.06896164893554778,0.06175972927241957,0.047723146778160475,0.003292111815850346
108,SE-Hurdle-S,0.0720328740633309,0.04568527918781726,0.043993231810490696,0.030456852791878174,0.0035723227560797155,0.05020893747117919,0.024969662525323393,0.07671950053587483,0.058121827411167504,0.016334166214350077,0.0012408533594955723
108,SE-Hurdle-T5,0.06381435823060187,0.08629441624365482,0.05414551607445008,0.05922165820642978,0.1174681023368994,0.118337760343843,0.016418203578494158,0.06652708255462583,0.05617597292724191,0.04180487736220345,0.012907619018806299
108,Hurdle-AR(5)-S-P,0.09773587946176779,0.05583756345177665,0.0338409475465313,0.17089678510998307,0.13756162259698237,0.19644497563411142,0.03463252055078661,0.06566742218573886,0.0553299492385787,0.032859984343550586,0.0032433688717851752
109,SE-Hurdle-S,0.0630086213842559,0.06937394247038917,0.06091370558375635,0.028764805414551606,0.010518510112006607,0.0483050494589568,0.014110660681470575,0.057302006672915844,0.0522842639593909,0.006439498240856656,0.001580467060118683
109,SE-Hurdle-T5,0.07195230037869631,0.0338409475465313,0.06598984771573604,0.038917089678511,0.046741421650617676,0.044726545422708666,0.024749479048899955,0.07040737449155213,0.055837563451776706,0.027840265039690504,0.010927503235185675
109,Hurdle-AR(5)-S-P,0.10498751107888163,0.07445008460236886,0.06091370558375635,0.1793570219966159,0.1756682075848715,0.21214326463716957,0.03248253417656639,0.08288995678097479,0.05710659898477155,0.028501754881016805,0.0014702004842933394
110,SE-Hurdle-S,0.06655386350817824,0.05245346869712352,0.0338409475465313,0.028764805414551606,0.009560531104571474,0.057419431012115746,0.017251884606564925,0.03930599155423543,0.05465313028764801,0.02967532623255309,0.003582019894699945
110,SE-Hurdle-T5,0.06655386350817823,0.049069373942470386,0.04568527918781726,0.028764805414551606,0.051689058019221495,0.05852651645147674,0.015025686953597295,0.043009841343329185,0.05736040609137055,0.024017695695192076,0.00625297244734134
110,Hurdle-AR(5)-S-P,0.09620497945371043,0.077834179357022,0.05245346869712352,0.16074450084602368,0.21345848405471368,0.21259467484583586,0.029173495677464512,0.05779448952517351,0.060152284263959355,0.04120115481460429,0.0029721733810293832
111,SE-Hurdle-S,0.06333091612279429,0.09137055837563451,0.04060913705583756,0.050761421319796954,0.06873900521627405,0.04818896861020114,0.019008773610903393,0.08057612689622869,0.06192893401015226,0.003895741660338292,0.007298421144387952
111,SE-Hurdle-T5,0.06300862138425589,0.07952622673434856,0.04230118443316413,0.021996615905245348,0.06821367671809209,0.06874550937253568,0.016906241553205137,0.06834323376947754,0.05829103214890019,0.024597039085063555,0.004677266543334023
111,Hurdle-AR(5)-S-P,0.09443235839174927,0.06429780033840947,0.06598984771573604,0.16751269035532995,0.09159234473079225,0.19038403025358078,0.028316621571103328,0.07639198093382661,0.05930626057529609,0.02456898539171054,0.002467745675669736
112,SE-Hurdle-S,0.06365321086133269,0.049069373942470386,0.030456852791878174,0.03722504230118443,0.05747806113266532,0.05415887944499099,0.017910355436862493,0.06708225239355992,0.05693739424703892,0.013920083173491693,0.007148959727599602
112,SE-Hurdle-T5,0.06905164773185077,0.06260575296108291,0.06260575296108291,0.028764805414551606,0.03840301094397264,0.07613655534327059,0.020795275363917405,0.07111339764397188,0.05490693739424701,0.029532208192080855,0.009735558124002425
112,Hurdle-AR(5)-S-P,0.09080654258319235,0.05245346869712352,0.043993231810490696,0.15736040609137056,0.1881285866848702,0.19317958220394016,0.0294391068182343,0.049845993274257296,0.05769881556683587,0.02286527975367253,0.0018521513702323897
113,SE-Hurdle-S,0.07590041092579163,0.08460236886632826,0.04230118443316413,0.04060913705583756,0.01776399392411046,0.058016865759116173,0.022777154371711225,0.05747011176545183,0.05634517766497471,0.023090855505136065,0.00024245809261395218
113,SE-Hurdle-T5,0.06711787930062042,0.06429780033840947,0.049069373942470386,0.028764805414551606,0.027265969325225986,0.059128121388600116,0.020777519613952983,0.06015262935267774,0.054568527918781695,0.030497885611387276,0.006685989439536924
113,Hurdle-AR(5)-S-P,0.09161227942953831,0.05414551607445008,0.07445008460236886,0.17766497461928935,0.18541647522630145,0.20650321111450579,0.026582444468184807,0.05971131688440426,0.06590524534686976,0.04200909040619499,0.004358289152457451
114,SE-Hurdle-S,0.062364031907179124,0.050761421319796954,0.043993231810490696,0.03553299492385787,0.012252890155999924,0.03983514222818888,0.017237987962135402,0.07036459916478549,0.05778341793570224,0.013735920953377334,0.004173158101884615
114,SE-Hurdle-T5,0.07026025300136973,0.06091370558375635,0.05414551607445008,0.043993231810490696,0.07497297851782819,0.09244410381756192,0.022216434507427607,0.06154971517965525,0.05744500846023687,0.02477390216596792,8.501699905000965e-05
114,Hurdle-AR(5)-S-P,0.09531866892272985,0.0676818950930626,0.06937394247038917,0.15397631133671744,0.19561199802570015,0.2030374620796163,0.027573386699035165,0.0697042446208826,0.060744500846023675,0.018908609688833178,0.002747383271557116
115,SE-Hurdle-S,0.06816533720087019,0.07445008460236886,0.06429780033840947,0.04060913705583756,0.004084565170653309,0.06820402513199364,0.02403731977007371,0.06320356141122768,0.052707275803722475,0.03944497094869043,0.010291605343500473
115,SE-Hurdle-T5,0.06276690033035212,0.047377326565143825,0.0338409475465313,0.038917089678511,0.02759922308320878,0.06564301039268443,0.01705511329050227,0.05595804468523597,0.05888324873096451,0.003143668444981207,0.0031623421421584155
115,Hurdle-AR(5)-S-P,0.09991136894690193,0.077834179357022,0.05752961082910321,0.17597292724196278,0.1244019111183991,0.18754255235835823,0.031106601871521068,0.0719958846667458,0.057529610829103184,0.03699952756193353,0.0004968329178375863
116,SE-Hurdle-S,0.07050197405527354,0.09137055837563451,0.03553299492385787,0.05583756345177665,0.028969176609624697,0.04688559774195926,0.019273228162798202,0.06186284069179417,0.05423011844331649,0.020678457676551187,0.0026876669388680788
116,SE-Hurdle-T5,0.0637337845459673,0.07614213197969544,0.038917089678511,0.05245346869712352,0.0750002347847327,0.07841764350798304,0.02103238740040249,0.06336377697252783,0.053891708967851115,0.03413082226398928,0.007272416686422339
116,Hurdle-AR(5)-S-P,0.10144226895495934,0.05583756345177665,0.04060913705583756,0.1996615905245347,0.1823027881833331,0.20056934852282166,0.03232256096254972,0.05270885356419281,0.060067681895093095,0.022062191833066847,0.0015640569793692535
117,SE-Hurdle-S,0.07549754250261864,0.08629441624365482,0.05922165820642978,0.049069373942470386,0.058174453711804214,0.04586102891106361,0.022306269313954512,0.06664824441701105,0.06023688663282578,0.028820720951949652,0.00675527792506779
117,SE-Hurdle-T5,0.07299975827894609,0.10321489001692047,0.04230118443316413,0.02707275803722504,0.06332053026911202,0.08351703179847614,0.020806140771888634,0.06526188835502471,0.052707275803722586,0.04620913898382656,0.008927480508284666
117,Hurdle-AR(5)-S-P,0.09282088469905729,0.050761421319796954,0.05752961082910321,0.17258883248730963,0.13093305786534137,0.2052173648270537,0.02835359045995813,0.06135706227712028,0.06802030456852792,0.029283976074977347,0.0041795195760041745
118,SE-Hurdle-S,0.07316090564821529,0.043993231810490696,0.049069373942470386,0.04060913705583756,0.04924695163436568,0.04970651964370756,0.024432626670115618,0.05632865171801059,0.057698815566835815,0.02087056755497907,0.007379110908015907
118,SE-Hurdle-T5,0.062444605591813716,0.05752961082910321,0.03553299492385787,0.038917089678511,0.03145015650402974,0.04712650850643379,0.022158495869493342,0.04205968162375433,0.053214890016920424,0.0283463920072225,0.004251349664178922
118,Hurdle-AR(5)-S-P,0.09435178470711467,0.05752961082910321,0.06429780033840947,0.16243654822335024,0.1316202146340732,0.1793529683614476,0.03033651829312983,0.0598527402303159,0.059052453468697086,0.03824670520497647,0.006361780768353399
119,SE-Hurdle-S,0.06147772137619854,0.050761421319796954,0.05414551607445008,0.03722504230118443,0.03184928557802888,0.048509061295126596,0.021124492910700027,0.04193583793618776,0.0553299492385787,0.017205319874158465,0.0015020905058653888
119,SE-Hurdle-T5,0.06598984771573603,0.07614213197969544,0.03722504230118443,0.049069373942470386,0.07103296221717662,0.0643639503409211,0.019242241539198002,0.0638753223964495,0.05583756345177665,0.03279119419237375,0.009547577312174052
119,Hurdle-AR(5)-S-P,0.09838046893884458,0.06937394247038917,0.08121827411167512,0.1996615905245347,0.13225900019292045,0.17901381904082342,0.035287128452989515,0.05308516009296571,0.05600676818950934,0.04943783678134395,0.0077472916255774266
120,SE-Hurdle-S,0.06405607928450568,0.0676818950930626,0.04568527918781726,0.04230118443316413,0.06377336832776709,0.06875087801536604,0.020723724392344225,0.07484729175813701,0.05829103214890019,0.02394445696800096,0.008905246571243274
120,SE-Hurdle-T5,0.06655386350817823,0.06598984771573604,0.04230118443316413,0.04230118443316413,0.10770364257798956,0.1174281739843818,0.01764637721976999,0.05708542097699035,0.053891708967851115,0.03929411735776228,0.007587468276964916
120,Hurdle-AR(5)-S-P,0.10635726371766979,0.08460236886632826,0.07106598984771574,0.19289340101522842,0.18210409177467077,0.18825175643586034,0.027712935162561632,0.058059294866149615,0.06362098138747885,0.03544349892120541,0.001030053881344542
121,SE-Hurdle-S,0.06752074772379342,0.047377326565143825,0.03553299492385787,0.025380710659898477,0.03655325323714012,0.060959547264903303,0.021828181860658855,0.049856617028533036,0.05423011844331638,0.017106436141625492,0.0029292467926498034
121,SE-Hurdle-T5,0.06687615824671662,0.05414551607445008,0.05922165820642978,0.0338409475465313,0.053804351346509155,0.05330755091161949,0.02076236337120277,0.05122931319621502,0.05558375634517765,0.028715495711483796,0.006980718870552516
121,Hurdle-AR(5)-S-P,0.10587382160986221,0.0676818950930626,0.07106598984771574,0.17089678510998307,0.16985944901510847,0.18900729886031503,0.030295012801307822,0.06566817800902482,0.06091370558375642,0.021379752191414525,0.0037190383233536226
122,SE-Hurdle-S,0.068407058254774,0.047377326565143825,0.03722504230118443,0.04230118443316413,0.007580900190249512,0.04177210592128262,0.019324035771669475,0.05405356246032961,0.06015228426395941,0.019199371564674883,0.009697777719917013
122,SE-Hurdle-T5,0.06188058979937152,0.06260575296108291,0.05245346869712352,0.05752961082910321,0.0013617470941708898,0.052469566174710686,0.02266261651008087,0.08276699390094401,0.06345177664974622,0.008295699682979218,0.0032244924475700112
122,Hurdle-AR(5)-S-P,0.09394891628394166,0.05414551607445008,0.07614213197969544,0.16751269035532995,0.18287070001755906,0.18751964527260917,0.03426079775532323,0.05681891477656081,0.05998307952622678,0.03139745822691392,0.006375986904307615
123,SE-Hurdle-S,0.07130771090161951,0.077834179357022,0.05414551607445008,0.050761421319796954,0.030974046380766507,0.05992354105892845,0.02131894907281876,0.07389406228957913,0.05710659898477166,0.024088383737991437,0.0009465840547964871
123,SE-Hurdle-T5,0.06244460559181373,0.07952622673434856,0.047377326565143825,0.04060913705583756,0.07114462599826099,0.07389255101129757,0.02107085777094172,0.06295331050525554,0.06082910321488999,0.0324299630823533,0.011711596492771176
123,Hurdle-AR(5)-S-P,0.10708242687938117,0.06937394247038917,0.07952622673434856,0.18612521150592218,0.092023117511173,0.16963480429765793,0.031416475348500644,0.061956117585361306,0.06539763113367175,0.027495610878521926,0.0027936819958866363
124,SE-Hurdle-S,0.07146885827088874,0.08967851099830795,0.07106598984771574,0.05245346869712352,0.015735644272152516,0.05357115609744559,0.01884591633370094,0.05839006197956111,0.05634517766497471,0.029090961286042105,0.002121584997415979
124,SE-Hurdle-T5,0.0674401740391588,0.038917089678511,0.049069373942470386,0.050761421319796954,0.05285597165581751,0.075368727056169,0.017524400141998745,0.05729785955081888,0.055668358714043964,0.020603778757270874,4.144102637906183e-05
124,Hurdle-AR(5)-S-P,0.11119168479574568,0.07952622673434856,0.07106598984771574,0.21658206429780033,0.18078212507699512,0.2241924894751629,0.035895073362470005,0.08021755482642633,0.060913705583756306,0.038313432808787795,0.005889831629767084
125,SE-Hurdle-S,0.06316976875352509,0.0727580372250423,0.043993231810490696,0.0338409475465313,0.008620128490058693,0.0409958496094894,0.018085351232935486,0.0520539968655511,0.05549915397631133,0.012255217423838782,0.009024433033472563
125,SE-Hurdle-T5,0.06115542663766014,0.05583756345177665,0.04568527918781726,0.0338409475465313,0.08325902580605174,0.07318293948776387,0.018432688682244427,0.045233286803586924,0.053384094754653166,0.01864874596204419,0.005514598947536184
125,Hurdle-AR(5)-S-P,0.10361775844009348,0.07445008460236886,0.049069373942470386,0.17428087986463622,0.10819224909162559,0.19371740188645828,0.03106210860821762,0.07332564166612654,0.062098138747885,0.032973733614069134,0.0020053959035124733
126,SE-Hurdle-S,0.08049311094996374,0.11336717428087986,0.07952622673434856,0.09137055837563451,0.029635170295403662,0.04303699344011692,0.022236996135802156,0.07067161972315239,0.059390862944162515,0.027057739146710003,0.004111667565875103
126,SE-Hurdle-T5,0.06566755297719765,0.07106598984771574,0.038917089678511,0.05245346869712352,0.11505243507271093,0.09346392960443263,0.021250174320789572,0.07509003977515845,0.05042301184433173,0.045372093465871344,0.0059460770700428545
126,Hurdle-AR(5)-S-P,0.09693014261542181,0.06598984771573604,0.04060913705583756,0.18104906937394247,0.22165627551545405,0.21223791242318688,0.030208209521878672,0.05653762005765979,0.05262267343485616,0.05638746254190219,0.006868860492114548
127,SE-Hurdle-S,0.06687615824671664,0.05752961082910321,0.04568527918781726,0.049069373942470386,0.004808642118804107,0.04713921579977499,0.02436639445427846,0.06177447147655439,0.06226734348561758,0.014196406649675974,0.008405122267166866
127,SE-Hurdle-T5,0.06341148980742889,0.05583756345177665,0.05245346869712352,0.047377326565143825,0.11503072167296842,0.10184150931689592,0.025189932103462796,0.0657654217810077,0.06184433164128594,0.021070449598277252,0.006240770592790289
127,Hurdle-AR(5)-S-P,0.11336717428087988,0.09306260575296109,0.0829103214890017,0.17766497461928935,0.12394387102815234,0.19566154871559682,0.03137830920405007,0.06068988234018759,0.05922165820642977,0.01137159340395516,0.00888718167853484
128,SE-Hurdle-S,0.07163000564015792,0.07952622673434856,0.05922165820642978,0.06937394247038917,0.01946781911990267,0.04837857637325791,0.020898872906988542,0.07676991991613807,0.05905245346869714,0.03252441315893945,0.010905921290486384
128,SE-Hurdle-T5,0.07050197405527354,0.07106598984771574,0.07106598984771574,0.038917089678511,0.01716539409597409,0.05269946979278212,0.0196167607092365,0.04355696234367235,0.05363790186125211,0.036335362335506105,0.008205177706145726
128,Hurdle-AR(5)-S-P,0.09813874788494079,0.06429780033840947,0.06429780033840947,0.18104906937394247,0.12741188857249827,0.21718183005851993,0.03321100052463133,0.06755492702077588,0.05956006768189509,0.028091819571526788,0.00033255073911067634
129,SE-Hurdle-S,0.06864877930867778,0.05583756345177665,0.030456852791878174,0.047377326565143825,0.0038206658444012997,0.04220605396370232,0.02452398577623698,0.06756186996541845,0.053891708967851115,0.030254533535486128,0.00915274773203309
129,SE-Hurdle-T5,0.07299975827894609,0.06091370558375635,0.032148900169204735,0.028764805414551606,0.05914736855934963,0.10142101278730925,0.025047007243912255,0.07398912220128158,0.05482233502538081,0.03362837803707652,0.0043280942629375305
129,Hurdle-AR(5)-S-P,0.10684070582547739,0.06429780033840947,0.05752961082910321,0.19458544839255498,0.178600494148926,0.1828930523959379,0.031623987857509785,0.06421298312034214,0.06759729272419629,0.024155822921433534,0.0031126868114191436
130,SE-Hurdle-S,0.06526468455402464,0.07952622673434856,0.04230118443316413,0.0676818950930626,0.01725813769627943,0.061778174262515737,0.018275047369891273,0.07578594898081502,0.05727580372250418,0.02508658290783472,0.0026646311872675563
130,SE-Hurdle-T5,0.06897107404721618,0.04060913705583756,0.0727580372250423,0.06091370558375635,0.003956971416298416,0.07224089678206473,0.016481939600712425,0.06125571874174965,0.05194585448392558,0.01070802576829516,0.0021806663438773966
130,Hurdle-AR(5)-S-P,0.10087825316251714,0.07952622673434856,0.08629441624365482,0.17258883248730963,0.2079142244696411,0.2179918195523782,0.030837387010723923,0.05705010973003522,0.05981387478849409,0.041550520902934485,0.001520718562137001
131,SE-Hurdle-S,0.06937394247038917,0.08121827411167512,0.04060913705583756,0.04230118443316413,0.03748578636806593,0.04341450394164845,0.02229550096438457,0.05627218014506259,0.05499153976311344,0.02411178803789843,0.011258041727724238
131,SE-Hurdle-T5,0.06333091612279429,0.0676818950930626,0.05414551607445008,0.0338409475465313,0.0758188200810368,0.07265290970542786,0.019216799910755714,0.07060834648715818,0.05668358714043992,0.01794998672674919,0.003263374359184827
131,Hurdle-AR(5)-S-P,0.10893562162597695,0.07445008460236886,0.0727580372250423,0.20473773265651438,0.15492184768206635,0.19124226457333854,0.043078246388981035,0.07783576703455662,0.056937394247038864,0.022729597848244965,0.009999499756273282
132,SE-Hurdle-S,0.06437837402304408,0.077834179357022,0.04568527918781726,0.0338409475465313,0.030349857941039893,0.04748755939089082,0.016959996186371243,0.07987146707712411,0.05600676818950928,0.01791213871376446,0.004825367215087535
132,SE-Hurdle-T5,0.07138828458625412,0.0727580372250423,0.050761421319796954,0.028764805414551606,0.07712457691526972,0.07176254836003519,0.019319884623185776,0.059834686228575074,0.048815566835871405,0.036846900665398474,0.004488370425842068
132,Hurdle-AR(5)-S-P,0.10692127951011202,0.08460236886632826,0.06091370558375635,0.18274111675126903,0.16778458740264326,0.20352695762392936,0.029706531221060307,0.07996747473909055,0.05744500846023687,0.03887803618752489,0.004644425212947605
133,SE-Hurdle-S,0.07187172669406172,0.05414551607445008,0.047377326565143825,0.043993231810490696,0.060845051709060155,0.06651126397460931,0.025498783136991752,0.05512786267271724,0.058121827411167504,0.029995544869290958,0.010344064275575271
133,SE-Hurdle-T5,0.0724357424865039,0.08460236886632826,0.043993231810490696,0.032148900169204735,0.05131262732809985,0.0957565344963789,0.019781096172326748,0.0761488561578766,0.05786802030456861,0.03622641224132939,0.0022881219439194536
133,Hurdle-AR(5)-S-P,0.08629441624365482,0.04568527918781726,0.05583756345177665,0.15736040609137056,0.120362051623923,0.1881752099874418,0.028555561477685107,0.06109822250749915,0.05389170896785106,0.0395092693989913,0.0073049682832080146
134,SE-Hurdle-S,0.06550640560792845,0.09644670050761421,0.050761421319796954,0.05414551607445008,0.05205028539131423,0.04964621776153015,0.021915898402138746,0.06025595561177136,0.05338409475465311,0.02335924673052281,0.007536066736771985
134,SE-Hurdle-T5,0.0674401740391588,0.077834179357022,0.049069373942470386,0.05583756345177665,0.025092366223572637,0.05919966033889444,0.01697748476383644,0.0712090456748895,0.055329949238578646,0.024361785322984886,0.003726318342564483
134,Hurdle-AR(5)-S-P,0.09805817420030619,0.06937394247038917,0.049069373942470386,0.18612521150592218,0.17183861873519052,0.2113297425896021,0.023425441608141778,0.057366645458864114,0.05989847715736041,0.04017938002076643,0.0026203074085075495
135,SE-Hurdle-S,0.0628474740149867,0.07445008460236886,0.0676818950930626,0.04230118443316413,0.01415134679263444,0.04643923895958352,0.015639884409517232,0.04934357164908799,0.05922165820642977,0.019795374965505763,0.0026478407762543094
135,SE-Hurdle-T5,0.06719845298525502,0.05583756345177665,0.03553299492385787,0.043993231810490696,0.04233725595140514,0.07787839068500098,0.024186776266282094,0.0742824346967945,0.050676818950930624,0.03504848258598553,0.0019607406835285
135,Hurdle-AR(5)-S-P,0.09684956893078722,0.06598984771573604,0.06429780033840947,0.17089678510998307,0.157589738580588,0.20101041440784168,0.02709177915859656,0.05522771194313265,0.059644670050761406,0.047415695162752236,0.008668488377358965
136,SE-Hurdle-S,0.06695673193135121,0.05245346869712352,0.049069373942470386,0.03722504230118443,0.005146375140963055,0.07195637637048154,0.02008571185263962,0.06791687586769662,0.06032148900169204,0.017132535840436613,0.008161194730551213
136,SE-Hurdle-T5,0.06663443719281284,0.06260575296108291,0.05583756345177665,0.025380710659898477,0.09923524035609123,0.09730964327413646,0.017206364483349425,0.07082758935611809,0.05363790186125217,0.037538047421830145,0.005677940017165296
136,Hurdle-AR(5)-S-P,0.12206913222141648,0.10490693739424704,0.08121827411167512,0.19458544839255498,0.21307884231013513,0.22345312222215613,0.03874817139942419,0.06478469736152731,0.06395939086294417,0.03188724583487562,0.005715805493411566
137,SE-Hurdle-S,0.06244460559181371,0.07952622673434856,0.047377326565143825,0.023688663282571912,0.07824074726360229,0.07042775897870572,0.017080088578844365,0.06733805871258118,0.05473773265651438,0.024342676360899485,0.00905128158272607
137,SE-Hurdle-T5,0.0677624687776972,0.050761421319796954,0.038917089678511,0.047377326565143825,0.08197170387897865,0.07466232859857926,0.02126278280483844,0.05382084728481105,0.05465313028764812,0.017289039408624585,0.0009662618857193481
137,Hurdle-AR(5)-S-P,0.10514865844815084,0.08460236886632826,0.06429780033840947,0.19627749576988154,0.17983493263084005,0.19292380468772513,0.0327576568113813,0.07355588270250576,0.060829103214890046,0.02896128683688648,0.0013088679941695644
138,SE-Hurdle-S,0.07815647409556038,0.05245346869712352,0.06598984771573604,0.047377326565143825,0.03005480310886116,0.058746879079048346,0.02041441368356239,0.07671294758022591,0.05490693739424701,0.027647158716522846,0.009970744295716927
138,SE-Hurdle-T5,0.06236403190717911,0.0676818950930626,0.038917089678511,0.03553299492385787,0.004479981251623966,0.04376238046466034,0.017970834597452884,0.06921241178335945,0.0565989847715736,0.025162373572194585,0.007564921141501535
138,Hurdle-AR(5)-S-P,0.09378776891467246,0.06260575296108291,0.03722504230118443,0.15905245346869712,0.2422098970101327,0.18202886796937218,0.02493816830724438,0.054003033717635374,0.05397631133671743,0.034318749809085225,0.0008949065441335516
139,SE-Hurdle-S,0.061800016114736935,0.06091370558375635,0.04230118443316413,0.03722504230118443,0.04853565559395892,0.04120746270628832,0.021791868134617497,0.056782009349360174,0.05651438240270723,0.0028488322837975644,0.0018221162774300706
139,SE-Hurdle-T5,0.07428893723309968,0.09644670050761421,0.06598984771573604,0.03553299492385787,0.09016290377508349,0.06948436439895989,0.024251703416156886,0.05840080702148535,0.05668358714043997,0.02493414401567995,0.002916605869595114
139,Hurdle-AR(5)-S-P,0.09040367416001935,0.05414551607445008,0.050761421319796954,0.18612521150592218,0.19244992946220404,0.21481841308411545,0.02370491467359004,0.07317174212632757,0.05465313028764812,0.03950821942182203,0.0017388423488288868
140,SE-Hurdle-S,0.06711787930062041,0.06091370558375635,0.047377326565143825,0.0338409475465313,0.013288021610991796,0.052417627932116316,0.017039314119574357,0.06669428280462485,0.060744500846023675,0.026446043895696325,0.005062391232811325
140,SE-Hurdle-T5,0.05720731609056481,0.05752961082910321,0.05752961082910321,0.038917089678511,0.10032506309025417,0.07582422070314528,0.02114929868496114,0.057248984905290325,0.05956006768189509,0.026576683647885846,0.004257902347947172
140,Hurdle-AR(5)-S-P,0.09652727419224882,0.06091370558375635,0.0727580372250423,0.17428087986463622,0.20828280878281868,0.2028963906748429,0.025568223623385115,0.049832548693822976,0.062013536379018575,0.0280539736115602,0.003693513228090785
141,SE-Hurdle-S,0.07195230037869632,0.0727580372250423,0.028764805414551606,0.03722504230118443,0.02205990580219347,0.04921930365777501,0.023685316718403276,0.05633984903739244,0.053299492385786795,0.03706976544589158,0.008728500758740626
141,SE-Hurdle-T5,0.06639271613890903,0.077834179357022,0.04060913705583756,0.03722504230118443,0.020999418268407233,0.06472397927706605,0.02252893017437576,0.07032434622411675,0.053130287648054164,0.02542470682022857,0.006797051533787284
141,Hurdle-AR(5)-S-P,0.10385947949399725,0.06937394247038917,0.06937394247038917,0.1692047377326565,0.1635069252728624,0.19792528784528962,0.03180057843311724,0.05363826529671513,0.057698815566835926,0.0368128335064043,0.005918292072990529
142,SE-Hurdle-S,0.0634920634920635,0.07106598984771574,0.05583756345177665,0.032148900169204735,0.0035421857724368955,0.0354791452556959,0.015060586560189545,0.04905142286063926,0.0485617597292724,0.014402356280347195,0.0026286747107946012
142,SE-Hurdle-T5,0.06542583192329385,0.07614213197969544,0.05752961082910321,0.025380710659898477,0.08143752652272863,0.05242333349684541,0.020574655934820153,0.047652083834637815,0.05194585448392558,0.028547245396974064,0.007723479615372182
142,Hurdle-AR(5)-S-P,0.09926677946982514,0.06091370558375635,0.0676818950930626,0.19627749576988154,0.16767190613875202,0.21190303160501786,0.030395429286277215,0.07440323156443056,0.0664128595600677,0.02678006251420101,0.004961099337320786
143,SE-Hurdle-S,0.08331318991217468,0.10829103214890017,0.0676818950930626,0.10152284263959391,0.01336007590458635,0.05051453906754871,0.02248255546413606,0.0641335930700926,0.05871404399323188,0.03509789753936515,0.0017056573059154312
143,SE-Hurdle-T5,0.07026025300136976,0.07445008460236886,0.05583756345177665,0.050761421319796954,0.04378739932537032,0.07158017721872645,0.019709426138619035,0.07474659879389588,0.05862944162436551,0.0412970051567475,0.009538111420306625
143,Hurdle-AR(5)-S-P,0.09394891628394166,0.05414551607445008,0.04230118443316413,0.16243654822335024,0.1838723473189416,0.19911169978234872,0.028654294167722808,0.07494950914190124,0.05592216582064302,0.029810560907983064,0.004020040886387764
144,SE-Hurdle-S,0.0675207477237934,0.06937394247038917,0.05245346869712352,0.028764805414551606,0.02669459142277547,0.043655755803721996,0.017883777359397626,0.0682659086205771,0.054060913705583746,0.023672880626062598,0.005537939701790423
144,SE-Hurdle-T5,0.07436951091773428,0.09475465313028765,0.05414551607445008,0.06091370558375635,0.06917302634085931,0.06606140753094003,0.020142146793727084,0.06003496996391411,0.05913705583756346,0.027123016820051138,0.0046525728245881
144,Hurdle-AR(5)-S-P,0.09975022157763275,0.0829103214890017,0.08967851099830795,0.17089678510998307,0.14576219701504667,0.17822705206217843,0.029419888220921248,0.05947783480606569,0.06243654822335021,0.0407397479204043,0.00043050242714284814
145,SE-Hurdle-S,0.06768189509306262,0.04230118443316413,0.049069373942470386,0.028764805414551606,0.024650308579022423,0.06625417245341635,0.024620680118548816,0.05367087560156627,0.050761421319796995,0.0159676906033413,0.0006630751102981031
145,SE-Hurdle-T5,0.06429780033840947,0.05414551607445008,0.04568527918781726,0.030456852791878174,0.017728939879323113,0.04615068076670482,0.020927326617755385,0.05148731527472235,0.05363790186125211,0.01328678714499476,0.005384509905564411
145,Hurdle-AR(5)-S-P,0.1202965111594553,0.08629441624365482,0.077834179357022,0.20812182741116753,0.19344168510317605,0.19146449431915616,0.035380610980607824,0.05937790787763052,0.06328257191201347,0.029294503483157763,0.007252222031865534
146,SE-Hurdle-S,0.06671501087744741,0.05922165820642978,0.049069373942470386,0.03553299492385787,0.06889390786269042,0.04915787808758428,0.02464347845708993,0.056571041457730974,0.058206429780033875,0.013844563466082371,0.0025708541725075543
146,SE-Hurdle-T5,0.06397550559987109,0.10152284263959391,0.07614213197969544,0.049069373942470386,0.09937022972075103,0.09983804463506764,0.01895346569558064,0.07648743151488402,0.055160744500846015,0.023809087585184463,0.006312546626583933
146,Hurdle-AR(5)-S-P,0.10361775844009348,0.07106598984771574,0.05583756345177665,0.19289340101522842,0.13752670873696907,0.19690750131559567,0.03518320634508651,0.07149621244197268,0.057106598984771606,0.035196207429988025,0.00024373092937973045
147,SE-Hurdle-S,0.06993795826283138,0.03722504230118443,0.03553299492385787,0.06260575296108291,0.010210202367906152,0.05251797801557629,0.021797098857850767,0.06027439161838335,0.06404399323181048,0.0037911391890874113,0.00277280470934909
147,SE-Hurdle-T5,0.06357263717669809,0.047377326565143825,0.04568527918781726,0.030456852791878174,0.028988340351572522,0.07405739054117151,0.020197279618800013,0.05603351766728796,0.05558375634517765,0.01945154002443611,0.01042976495648048
147,Hurdle-AR(5)-S-P,0.09112883732173074,0.05245346869712352,0.07952622673434856,0.16751269035532995,0.12446758285452834,0.14959724014199935,0.02938814385650131,0.060092578947135065,0.06903553299492388,0.031210139152374194,0.007941735122651977
148,SE-Hurdle-S,0.06800418983160099,0.06260575296108291,0.06429780033840947,0.04230118443316413,0.027886232002209355,0.03583849791550817,0.02579850407813034,0.0636145856624231,0.061505922165820626,0.0037666934918463846,0.0020684659678678816
148,SE-Hurdle-T5,0.0725968898557731,0.05752961082910321,0.05922165820642978,0.04230118443316413,0.0657550330887158,0.0743901576998393,0.019822171787174388,0.0465824548430858,0.053299492385786795,0.030186593957197527,0.0010714696742454635
148,Hurdle-AR(5)-S-P,0.10901619531061156,0.077834179357022,0.07106598984771574,0.17597292724196278,0.1591801696680923,0.18818447993809567,0.026913206821438194,0.06237158244741428,0.06362098138747885,0.03810755114591252,0.0025201912041127802
149,SE-Hurdle-S,0.06389493191523647,0.09475465313028765,0.047377326565143825,0.0676818950930626,0.024095025719218566,0.042513127515790505,0.022034326512945488,0.08006185907894187,0.06336717428087985,0.017677012006724058,0.009522418945145092
149,SE-Hurdle-T5,0.06897107404721618,0.05414551607445008,0.032148900169204735,0.025380710659898477,0.05885293344154452,0.08491960334482855,0.022194058781390535,0.06350499618033421,0.058375634517766506,0.04395383723360924,0.012268502222815801
149,Hurdle-AR(5)-S-P,0.10474579002497786,0.06598984771573604,0.05414551607445008,0.1895093062605753,0.24358620244525045,0.19600774656758274,0.03416546120615539,0.07077470869755569,0.057783417935702186,0.02595676342457537,0.0014984275175226325
150,SE-Hurdle-S,0.06897107404721618,0.06429780033840947,0.05414551607445008,0.030456852791878174,0.006797854426990296,0.04569388974616831,0.014878798299929266,0.04590255016000125,0.05981387478849404,0.012862514564334626,0.001867060586005255
150,SE-Hurdle-T5,0.06615099508500524,0.05922165820642978,0.06429780033840947,0.028764805414551606,0.05826793331710106,0.08302884241114156,0.020647820284162226,0.061074096713278056,0.05414551607445017,0.03530681406007846,0.01213288879853059
150,Hurdle-AR(5)-S-P,0.11038594794939971,0.08629441624365482,0.07614213197969544,0.19458544839255498,0.1921081131203898,0.2095692213564684,0.031141733814256355,0.061139763553964034,0.058883248730964455,0.032553045704308115,0.004721560717140014
151,SE-Hurdle-S,0.06566755297719765,0.0727580372250423,0.043993231810490696,0.0338409475465313,0.014904288890939643,0.05801190605891248,0.02276019243477445,0.05682810226894255,0.05541455160744502,0.023885259365005407,0.004952485634225137
151,SE-Hurdle-T5,0.06228345822254452,0.043993231810490696,0.04060913705583756,0.038917089678511,0.06911109368354526,0.08573181001768626,0.021030027993359502,0.07950095496545592,0.050846023688663256,0.023926647107559762,0.0075022013524334435
151,Hurdle-AR(5)-S-P,0.11272258480380308,0.08629441624365482,0.05414551607445008,0.1895093062605753,0.2014124307791153,0.22628538414398958,0.040412723836118714,0.06700945257645455,0.060575296108291043,0.027392393157316786,0.0014914542120961702
152,SE-Hurdle-S,0.06397550559987109,0.05922165820642978,0.0727580372250423,0.05245346869712352,0.09011778808019691,0.06846688609727057,0.021238314497889616,0.05924116163808256,0.06455160744500849,0.010574948182940302,0.004420213060742112
152,SE-Hurdle-T5,0.06220288453790991,0.06260575296108291,0.04568527918781726,0.028764805414551606,0.03911188464899526,0.06818028450901202,0.017424046513544542,0.0661810679974144,0.060236886632825726,0.026069055129563312,0.003461702746618847
152,Hurdle-AR(5)-S-P,0.09983079526226735,0.07445008460236886,0.06260575296108291,0.17428087986463622,0.16281018731238625,0.24206057347484933,0.028588668050514673,0.055057525478512115,0.053299492385786795,0.03440373073113889,0.001795187081239144
153,SE-Hurdle-S,0.06365321086133269,0.05583756345177665,0.043993231810490696,0.0338409475465313,0.034144293741590837,0.06353559566247151,0.020729089292975785,0.050568843807465236,0.05050761421319799,0.02403673978051879,0.008173321920290688
153,SE-Hurdle-T5,0.07066312142454276,0.047377326565143825,0.04568527918781726,0.03553299492385787,0.020905805129053573,0.045467590145761363,0.019367362908236794,0.0809999532272871,0.059644670050761406,0.020520046685086446,0.010094861082300628
153,Hurdle-AR(5)-S-P,0.10845217951816936,0.07952622673434856,0.07614213197969544,0.1996615905245347,0.15315232744316093,0.1977163060505067,0.029072949590435607,0.06239054908852472,0.06370558375634516,0.036959366368989,0.003081046083525954
154,SE-Hurdle-S,0.06905164773185077,0.04230118443316413,0.038917089678511,0.04568527918781726,0.015885925903929482,0.05706933484961114,0.027256664413734644,0.0551003997771145,0.050676818950930624,0.020717167670677605,0.007701243191842205
154,SE-Hurdle-T5,0.06405607928450567,0.06937394247038917,0.03722504230118443,0.047377326565143825,0.016646400739284695,0.08791992784491322,0.02308611981754948,0.06793233894398323,0.05194585448392558,0.026724248738687395,0.006147676717564721
154,Hurdle-AR(5)-S-P,0.09547981629199902,0.06429780033840947,0.038917089678511,0.155668358714044,0.20208693988591211,0.2206296091070017,0.0312598841478276,0.05116805099526613,0.06404399323181048,0.017223833071150108,0.002949255449931125
155,SE-Hurdle-S,0.06462009507694787,0.0727580372250423,0.03553299492385787,0.0338409475465313,0.05841040560292127,0.05786224456891547,0.019359177007900033,0.04025493327648031,0.053299492385786795,0.011954788024887475,0.001561936133822002
155,SE-Hurdle-T5,0.06131657400692933,0.07952622673434856,0.05922165820642978,0.038917089678511,0.0320908505538047,0.048530124328721155,0.013996505637909322,0.05188309922439388,0.05905245346869714,0.0017351474097254127,0.0023598161619109784
155,Hurdle-AR(5)-S-P,0.10595439529449682,0.0829103214890017,0.08967851099830795,0.20135363790186125,0.19005375900921784,0.19071462308753606,0.032681182205104756,0.05646148218258472,0.06802030456852798,0.0424440399006325,0.0011486844736833812
156,SE-Hurdle-S,0.06437837402304408,0.049069373942470386,0.04230118443316413,0.049069373942470386,0.08817670426081262,0.08187567818891403,0.023450383208821434,0.061586582481218184,0.05930626057529609,0.014292384090210941,0.006655312241216009
156,SE-Hurdle-T5,0.07565868987188784,0.05752961082910321,0.038917089678511,0.05414551607445008,0.13310984568742606,0.12250198026262311,0.021477820876955735,0.06261743926860003,0.058798646362098195,0.05034868439739587,0.012479666715152993
156,Hurdle-AR(5)-S-P,0.0925791636451535,0.06429780033840947,0.047377326565143825,0.1692047377326565,0.2168064438901458,0.22548782750983054,0.029129209944603527,0.08186769338433786,0.055329949238578646,0.043686721653163785,0.004581825645846943
157,SE-Hurdle-S,0.06913222141648537,0.0727580372250423,0.047377326565143825,0.0676818950930626,0.014409509949080274,0.04763991242536064,0.022490601094195557,0.06701473753261433,0.05194585448392558,0.039631286089264806,0.008963770923193497
157,SE-Hurdle-T5,0.06478124244621707,0.0727580372250423,0.05922165820642978,0.05752961082910321,0.018394215922563795,0.060547209886501065,0.024212477767492368,0.07552922670991769,0.05558375634517765,0.02562852499925311,0.007976671754287505
157,Hurdle-AR(5)-S-P,0.11111111111111112,0.09813874788494077,0.0829103214890017,0.18781725888324874,0.10671319159847498,0.13780242730159978,0.03480063380799771,0.05830790243002789,0.06125211505922168,0.02239323615301625,0.004115964258771684
158,SE-Hurdle-S,0.0730803319635807,0.06429780033840947,0.07614213197969544,0.050761421319796954,0.023955712488686026,0.0283341968224529,0.016588787117993588,0.051702913977930136,0.05456852791878175,0.03788232768294836,0.009671534838750863
158,SE-Hurdle-T5,0.06115542663766014,0.0676818950930626,0.03722504230118443,0.047377326565143825,0.06687136191484824,0.07397604656338802,0.02078801373473821,0.05902148393836453,0.053130287648054164,0.016704336407046327,0.00651980815414422
158,Hurdle-AR(5)-S-P,0.09274031101442269,0.05752961082910321,0.06091370558375635,0.1895093062605753,0.1940970720426504,0.19227021427401647,0.03494552578855319,0.05606989799415051,0.06142131979695431,0.037593318965885414,0.0010823592863719242
159,SE-Hurdle-S,0.0674401740391588,0.06260575296108291,0.047377326565143825,0.038917089678511,0.033379269579884685,0.05809443856045639,0.02439708013830546,0.08170399540162436,0.053807106598984744,0.02280954806558244,0.0065014263149817675
159,SE-Hurdle-T5,0.07187172669406172,0.07952622673434856,0.04568527918781726,0.047377326565143825,0.11035298622264984,0.10630880843310145,0.02207932150342145,0.04905623428184158,0.05558375634517776,0.04499921500752807,0.009836925552194967
159,Hurdle-AR(5)-S-P,0.10031423737007492,0.077834179357022,0.050761421319796954,0.1996615905245347,0.13385046844802187,0.21011840558534148,0.03450566084657545,0.06026270519891866,0.058967851099830826,0.045142261345686496,0.000649047030792077
160,SE-Hurdle-S,0.06808476351623559,0.08967851099830795,0.047377326565143825,0.04230118443316413,0.02058258153226683,0.07051236358080754,0.02338733972860607,0.05919814976015372,0.0550761421319797,0.02102425091697946,0.004252591213358699
160,SE-Hurdle-T5,0.06381435823060186,0.05245346869712352,0.05414551607445008,0.05583756345177665,0.08730535500432894,0.0777907974427991,0.02097997790516193,0.07385625879242362,0.06235194585448395,0.02798919433100827,0.004702449525911256
160,Hurdle-AR(5)-S-P,0.10571267424059304,0.07952622673434856,0.07952622673434856,0.19289340101522842,0.1762573308326999,0.22956986357990908,0.028678533410941662,0.06922582712932,0.06345177664974622,0.032326979314452886,0.0015615979117283782
161,SE-Hurdle-S,0.06252517927644832,0.07445008460236886,0.047377326565143825,0.04060913705583756,0.017906793815970573,0.054430354504433696,0.019470082882159494,0.06977241127442994,0.054399323181049064,0.013153313558680768,0.0029304658042475992
161,SE-Hurdle-T5,0.06220288453790992,0.05583756345177665,0.06091370558375635,0.0338409475465313,0.00798697700692208,0.0632283230335343,0.01787936898280434,0.04696429403473928,0.058798646362098195,0.013512493924512758,0.0028940352691086066
161,Hurdle-AR(5)-S-P,0.106921279510112,0.08629441624365482,0.09306260575296109,0.21658206429780033,0.1898432962588155,0.19403407312016413,0.037660724153531784,0.07721246017310106,0.06285956006768195,0.03472212185722012,0.0002949287607359047
162,SE-Hurdle-S,0.0628474740149867,0.04568527918781726,0.04568527918781726,0.030456852791878174,0.04781178086790233,0.04720509134544479,0.019827400067136458,0.07286172875774295,0.05981387478849409,0.006799641392156774,0.001013451888611544
162,SE-Hurdle-T5,0.06639271613890903,0.05922165820642978,0.06598984771573604,0.028764805414551606,0.1463739348644967,0.09662746408285311,0.01988725904833155,0.07149554243918348,0.0538071065989848,0.03614786946682769,0.008283375772617806
162,Hurdle-AR(5)-S-P,0.09668842156151798,0.0676818950930626,0.049069373942470386,0.18274111675126903,0.17115641568873174,0.21573276512425904,0.029966668506496805,0.0646840994931254,0.06235194585448395,0.04734740333971199,0.0014950913331964605
163,SE-Hurdle-S,0.07106598984771574,0.038917089678511,0.05583756345177665,0.038917089678511,0.015746801381363196,0.05147103308017966,0.02108597307942064,0.07100439259821317,0.05854483925549914,0.016362006777955018,0.0008001503735163007
163,SE-Hurdle-T5,0.06897107404721618,0.038917089678511,0.028764805414551606,0.021996615905245348,0.07159626473237754,0.06282706423026459,0.02250805535058883,0.07383240506430447,0.05456852791878175,0.01823425612756946,0.00412127827627734
163,Hurdle-AR(5)-S-P,0.10402062686326645,0.07614213197969544,0.06937394247038917,0.18274111675126903,0.0761014089759735,0.17262916694453667,0.030849086813085083,0.06790331542009732,0.05795262267343487,0.031062372699858065,0.006975486163126918
164,SE-Hurdle-S,0.06945451615502377,0.10152284263959391,0.0676818950930626,0.06598984771573604,0.042804002453232404,0.054476410734529794,0.02026162279386534,0.06290245492196428,0.05524534686971233,0.03884389329629384,0.013197340293738896
164,SE-Hurdle-T5,0.06478124244621705,0.077834179357022,0.04568527918781726,0.04568527918781726,0.07155008061461998,0.059853368549300706,0.023674350368175372,0.05855147666129527,0.05338409475465322,0.02533207582003194,0.01026918942057551
164,Hurdle-AR(5)-S-P,0.08597212150511643,0.049069373942470386,0.06091370558375635,0.14890016920473773,0.121515609134169,0.21035275896496283,0.02466704380620597,0.06030619700255745,0.06328257191201359,0.028654781690443054,0.004655012205725867
165,SE-Hurdle-S,0.061236000322294745,0.04568527918781726,0.03553299492385787,0.038917089678511,0.00713346011783908,0.03518629251332493,0.019495815857767947,0.044161288553906844,0.05389170896785106,0.004799384696403397,0.0019112298632865399
165,SE-Hurdle-T5,0.06429780033840948,0.05245346869712352,0.05583756345177665,0.050761421319796954,0.023604476557139487,0.05470589352809983,0.022597096464025152,0.06930838257519935,0.0661590524534687,0.005896894159744592,0.0014582810081353384
165,Hurdle-AR(5)-S-P,0.11151397953428409,0.08460236886632826,0.09306260575296109,0.1895093062605753,0.16833824595990915,0.191476025419388,0.03278259910271828,0.05432338068405117,0.061590524534687,0.023410597585274417,0.0010411111063509532
166,SE-Hurdle-S,0.06421722665377486,0.08121827411167512,0.06091370558375635,0.047377326565143825,0.0680240040167858,0.06313598098325095,0.019901582646181998,0.08050447837280883,0.057021996615905235,0.018844336543817397,0.0049985247451192
166,SE-Hurdle-T5,0.061800016114736935,0.0676818950930626,0.04060913705583756,0.0338409475465313,0.07639648289731077,0.06253569455109434,0.018273545298545697,0.07840036186983505,0.05922165820642977,0.022072727711709206,0.005465460798431805
166,Hurdle-AR(5)-S-P,0.09652727419224881,0.06429780033840947,0.07106598984771574,0.17089678510998307,0.22415681520416325,0.19832281445238595,0.02484501605989803,0.0504863422326318,0.0648900169204738,0.044279519724184035,0.004292980298818021
167,SE-Hurdle-S,0.06921279510111997,0.08798646362098139,0.038917089678511,0.05245346869712352,0.03210148607399457,0.05743742950636612,0.019288598395954416,0.05708727469754341,0.05752961082910324,0.027570647104793344,0.007404618930286058
167,SE-Hurdle-T5,0.06316976875352509,0.06260575296108291,0.043993231810490696,0.021996615905245348,0.022485671940067176,0.07900535810445344,0.02025196333199972,0.05293095543655281,0.053214890016920424,0.020704159221905827,0.0066173322199824525
167,Hurdle-AR(5)-S-P,0.10394005317863186,0.077834179357022,0.047377326565143825,0.20642978003384094,0.22044566940786614,0.22000595475365178,0.030953462539329166,0.0644979659958394,0.06395939086294417,0.044493884544337226,0.007409481453485134
168,SE-Hurdle-S,0.06582870034646685,0.04568527918781726,0.0338409475465313,0.05245346869712352,0.050043878102355915,0.06985267862343604,0.018052939116100047,0.06420055451508912,0.05245346869712347,0.017887189504355305,0.0047999414960694375
168,SE-Hurdle-T5,0.07017967931673516,0.028764805414551606,0.038917089678511,0.050761421319796954,0.07957386960937227,0.08725233017862595,0.023579206626297068,0.06318722066594296,0.053468697123519426,0.015470708345501738,7.985368105167118e-05
168,Hurdle-AR(5)-S-P,0.0923374425912497,0.0676818950930626,0.05752961082910321,0.18781725888324874,0.19714166285053905,0.20105703852115692,0.026068728969461368,0.07199977773019586,0.057529610829103184,0.04199475605889408,0.001708951706476891
169,SE-Hurdle-S,0.06163886874546774,0.0829103214890017,0.04568527918781726,0.04060913705583756,0.006944635821095058,0.03622928161410495,0.02005926964927023,0.05949227473324781,0.053299492385786795,0.016421915036625212,0.004614139759682202
169,SE-Hurdle-T5,0.07058254773990814,0.09644670050761421,0.04060913705583756,0.05414551607445008,0.052957067078644254,0.06466127352362173,0.018957260908920838,0.06365620840039748,0.05456852791878175,0.02016350392769445,0.004703003650857969
169,Hurdle-AR(5)-S-P,0.10377890580936266,0.07106598984771574,0.05922165820642978,0.19289340101522842,0.13882971787045228,0.18134053408841094,0.033548399737179845,0.077045914260551,0.06175972927241957,0.04380872404151559,0.007407446242358048
170,SE-Hurdle-S,0.06437837402304407,0.06429780033840947,0.05245346869712352,0.043993231810490696,0.0538373123070143,0.03845936140536673,0.023718365581768944,0.06542420785834512,0.04881556683587135,0.012401503813813164,0.0035083699218909636
170,SE-Hurdle-T5,0.07453065828700346,0.06937394247038917,0.030456852791878174,0.04230118443316413,0.1103303115272442,0.10480995888092745,0.019969817467189413,0.0701798157265682,0.058037225042301244,0.041228295138122484,0.010503890326592102
170,Hurdle-AR(5)-S-P,0.09402948996857627,0.06260575296108291,0.05752961082910321,0.16412859560067683,0.16304273803112374,0.1858744456067635,0.03305644400427634,0.07921354968905417,0.055922165820642966,0.028181486841628356,0.002838913765543849
171,SE-Hurdle-S,0.06381435823060189,0.05922165820642978,0.04230118443316413,0.04230118443316413,0.017182870597453492,0.04745436861996348,0.020760047297782698,0.07725294921093971,0.05947546531302872,0.009390190964652934,0.002405441795048112
171,SE-Hurdle-T5,0.06236403190717911,0.05583756345177665,0.043993231810490696,0.021996615905245348,0.007520390328017379,0.04774362662990139,0.02389708716972419,0.0580861224487829,0.05541455160744502,0.013555290581436619,0.0013100093970430174
171,Hurdle-AR(5)-S-P,0.11868503746676337,0.10152284263959391,0.06598984771573604,0.1996615905245347,0.12319926396750842,0.17491270415204915,0.03619056233625068,0.061456477698032426,0.05972927241962778,0.016435005367000044,0.001859050107428581
172,SE-Hurdle-S,0.0625251792764483,0.07106598984771574,0.04060913705583756,0.04230118443316413,0.029193017930409015,0.051926075834943325,0.016019478982785097,0.06420700045047655,0.05939086294416246,0.010930675925782174,0.004944187961655015
172,SE-Hurdle-T5,0.0730803319635807,0.0829103214890017,0.06260575296108291,0.043993231810490696,0.12605612734226077,0.11480601604206203,0.022426173857861633,0.08581276975390953,0.060152284263959466,0.027015603427017976,0.0023883513140756443
172,Hurdle-AR(5)-S-P,0.09991136894690193,0.06260575296108291,0.07952622673434856,0.19458544839255498,0.1913558441277672,0.20152963963563433,0.029305682096031467,0.058429031442991115,0.0651438240270728,0.04408736579856387,0.005040551892235762
173,SE-Hurdle-S,0.06905164773185078,0.06598984771573604,0.03722504230118443,0.050761421319796954,0.06806672374128345,0.0756708686633852,0.021624750624512322,0.07308470607604112,0.050169204737732676,0.029191276032033697,0.004448686640493339
173,SE-Hurdle-T5,0.06897107404721618,0.0829103214890017,0.05752961082910321,0.03722504230118443,0.07146365369936791,0.097845719145583,0.02108618403524415,0.07412337778158562,0.05084602368866331,0.034169390246237163,0.007429917244902204
173,Hurdle-AR(5)-S-P,0.09829989525420998,0.077834179357022,0.038917089678511,0.20135363790186125,0.15169078468549163,0.22845997007221805,0.034123894900732164,0.07804847856483413,0.05854483925549914,0.04248795840637881,0.0072556534779726345
174,SE-Hurdle-S,0.06284747401498672,0.11505922165820642,0.04568527918781726,0.043993231810490696,0.0015553891631221173,0.054076094329672746,0.01981245947583103,0.05800842207090025,0.05414551607445006,0.027288411565022708,0.00635604359331729
174,SE-Hurdle-T5,0.06445894770767865,0.05414551607445008,0.049069373942470386,0.02707275803722504,0.03638301622288534,0.05725107663592239,0.01888551759209633,0.05582167745619056,0.050592216582064364,0.031144582118390662,0.0074994401522455525
174,Hurdle-AR(5)-S-P,0.09451293207638385,0.07106598984771574,0.07106598984771574,0.15736040609137056,0.2328209547676683,0.20593578715916397,0.03199274039052329,0.05205431008728837,0.05905245346869714,0.041999768949690874,0.0014944185729911519
175,SE-Hurdle-S,0.06840705825477399,0.047377326565143825,0.05245346869712352,0.047377326565143825,0.046954396909212714,0.05295698492277791,0.01653883751116837,0.05297011782466625,0.059306260575296144,0.016542884376626432,0.008656511321832427
175,SE-Hurdle-T5,0.06139714769156394,0.04568527918781726,0.05414551607445008,0.04060913705583756,0.02093037378446222,0.0762707734416037,0.015985333520000332,0.061241222108669516,0.053807106598984744,0.011809526288664718,0.007814022922994747
175,Hurdle-AR(5)-S-P,0.1215856901136089,0.10321489001692047,0.10829103214890017,0.2233502538071066,0.14433577991226776,0.21346418441025325,0.03483661910231726,0.06063051686149698,0.060744500846023675,0.03963361315486841,0.0011894980415888406
176,SE-Hurdle-S,0.06776246877769718,0.06937394247038917,0.05752961082910321,0.04060913705583756,0.0036335677390869348,0.039374963067549076,0.020294070679975622,0.054212823607830585,0.04822335025380714,0.020585813990688984,0.0007624710517877553
176,SE-Hurdle-T5,0.06985738457819675,0.06091370558375635,0.047377326565143825,0.05245346869712352,0.0022994662787648723,0.04911633169981135,0.025049552644442773,0.09635446023714424,0.06886632825719119,0.01174377646988578,0.007347437685998819
176,Hurdle-AR(5)-S-P,0.0918540004834421,0.06429780033840947,0.05752961082910321,0.18781725888324874,0.1566157353553485,0.2194785508955202,0.029867114790893684,0.08040635281398748,0.060829103214890046,0.042430008634067484,0.00726397719258217
177,SE-Hurdle-S,0.0679236161469664,0.05245346869712352,0.028764805414551606,0.06091370558375635,0.03366265676868613,0.044475768690982034,0.01899901474666563,0.051535193589087806,0.05727580372250424,0.017074949315192656,0.008216759945067292
177,SE-Hurdle-T5,0.07573926355652244,0.09644670050761421,0.043993231810490696,0.049069373942470386,0.05872365298559354,0.08075994389526611,0.02582600087829328,0.06410874932874325,0.060744500846023786,0.026951857995370698,0.003909303909387055
177,Hurdle-AR(5)-S-P,0.09362662154540329,0.06937394247038917,0.05245346869712352,0.1895093062605753,0.21468222863416572,0.2213583539604145,0.03329553108994572,0.051952250013358514,0.05524534686971233,0.052258868453566976,0.0082567563240925
178,SE-Hurdle-S,0.06107485295302553,0.07106598984771574,0.038917089678511,0.032148900169204735,0.02564848154417762,0.040399697782824935,0.017939289229106946,0.06593386511292712,0.06049069373942467,0.011188434081922938,0.008312697290629105
178,SE-Hurdle-T5,0.0676818950930626,0.06598984771573604,0.043993231810490696,0.038917089678511,0.02013187208291206,0.083017942103759,0.019560084768692993,0.06808177386061649,0.051269035532994944,0.03860022180428968,0.004739224476879217
178,Hurdle-AR(5)-S-P,0.09523809523809523,0.05752961082910321,0.05752961082910321,0.16751269035532995,0.15978322186131388,0.21766168651263518,0.026981330094731915,0.0635122357178082,0.053891708967851115,0.030899585898364446,0.0003241619934026205
179,SE-Hurdle-S,0.06848763193940859,0.049069373942470386,0.04568527918781726,0.0338409475465313,0.035931273824056725,0.0512106726976603,0.017643699840663905,0.06817237518059191,0.05710659898477155,0.024253875963370253,0.007028064101230629
179,SE-Hurdle-T5,0.07420836354846508,0.09306260575296109,0.05922165820642978,0.047377326565143825,0.04919475470472409,0.09549701103140158,0.023167885941600727,0.05500506150641939,0.05922165820642977,0.05468647512757696,0.007515855600748619
179,Hurdle-AR(5)-S-P,0.09048424784465395,0.05245346869712352,0.09475465313028765,0.17766497461928935,0.16472239898897104,0.17580013750785614,0.02657335290942887,0.07523299066590833,0.05862944162436545,0.03872339536406044,0.001044766804125033
180,SE-Hurdle-S,0.06260575296108292,0.09644670050761421,0.04230118443316413,0.05583756345177665,0.048816379509632885,0.04487321091251162,0.017165630417560352,0.06711535413749094,0.05431472081218275,0.03267197724913207,0.011002289484534786
180,SE-Hurdle-T5,0.06486181613085167,0.05583756345177665,0.047377326565143825,0.06091370558375635,0.07986075012406056,0.10888855086274436,0.021802300020256,0.06223230657098124,0.05642978003384097,0.038899430348524056,0.005250005731880128
180,Hurdle-AR(5)-S-P,0.09733301103859479,0.05245346869712352,0.05245346869712352,0.17089678510998307,0.1296969846390838,0.16455733015592827,0.02783265707473638,0.04969338937008515,0.05642978003384097,0.015303767823194592,0.0054612486226180215
181,SE-Hurdle-S,0.06526468455402464,0.0676818950930626,0.06598984771573604,0.0727580372250423,0.011625230534040076,0.058200400400024936,0.01872238849511689,0.07526129166879234,0.0659052453468697,0.00063147452390655,0.00658157239363729
181,SE-Hurdle-T5,0.07428893723309966,0.06091370558375635,0.06260575296108291,0.05583756345177665,0.1108127202143011,0.07239427446242626,0.027425515744237787,0.05622318398557101,0.058714043993231824,0.027025921869365643,0.0032120205751825087
181,Hurdle-AR(5)-S-P,0.1214245427443397,0.10152284263959391,0.06429780033840947,0.2098138747884941,0.16863491035951858,0.24702223680237256,0.040756736063229146,0.05629072320836341,0.06235194585448395,0.04170088397537952,0.0006997884700002399
182,SE-Hurdle-S,0.06832648457013939,0.077834179357022,0.0676818950930626,0.06429780033840947,0.023906601777379077,0.03831947960519681,0.018757507705045584,0.07843339423313347,0.053722504230118484,0.01393757386014105,0.0012418317027419468
182,SE-Hurdle-T5,0.06397550559987109,0.05583756345177665,0.04568527918781726,0.03553299492385787,0.06991615908541696,0.07472011249263245,0.017052878953502975,0.06795104587786988,0.05871404399323188,0.012120384466078549,0.0020626965694883898
182,Hurdle-AR(5)-S-P,0.08798646362098139,0.04230118443316413,0.06091370558375635,0.15905245346869712,0.17011465132833845,0.18154048555427685,0.022923385723647736,0.06303024733356467,0.05676818950930629,0.027084997826933577,0.004276171790497579
183,SE-Hurdle-S,0.06735960035452422,0.06260575296108291,0.0338409475465313,0.05414551607445008,0.015569071391082684,0.07713936539837982,0.022412178281076597,0.07338504780334126,0.055752961082910335,0.02136164744690955,0.007964100499212722
183,SE-Hurdle-T5,0.06598984771573603,0.05922165820642978,0.03722504230118443,0.03722504230118443,0.000434726052687906,0.060993720221024804,0.023079636170402637,0.04364131182251601,0.055245346869712386,0.025989018143079246,0.0026064998583485016
183,Hurdle-AR(5)-S-P,0.1019257110627669,0.0676818950930626,0.043993231810490696,0.1844331641285956,0.2275383185378079,0.22531507083182117,0.03151444479755582,0.06144926710589991,0.06319796954314727,0.04010677709347604,0.0054921025969106654
184,SE-Hurdle-S,0.0632503424381597,0.0676818950930626,0.05245346869712352,0.04230118443316413,0.0122383117417324,0.03817917660375712,0.016991747497145684,0.053306544634538114,0.058883248730964455,0.013888102826066562,0.009964470517417633
184,SE-Hurdle-T5,0.05599871082104585,0.06937394247038917,0.03722504230118443,0.03722504230118443,0.011427810743938116,0.040720700896634605,0.02028154284578206,0.05848833039425437,0.05972927241962772,0.011055739081190508,0.005973354458951419
184,Hurdle-AR(5)-S-P,0.1128837321730723,0.08629441624365482,0.06598984771573604,0.20642978003384094,0.20222190030218312,0.21742323258531174,0.038059516599786646,0.06320298348804516,0.06285956006768195,0.023326445762771097,0.005762534056401113
185,SE-Hurdle-S,0.06590927403110144,0.05583756345177665,0.04568527918781726,0.02707275803722504,0.013250743341743865,0.04235970636773545,0.016886813388428425,0.060647118450994894,0.053299492385786795,0.01244837666966786,0.0012211566171175386
185,SE-Hurdle-T5,0.06921279510111997,0.04568527918781726,0.06598984771573604,0.03553299492385787,0.02106769981774967,0.04002497853448139,0.02307041941642203,0.06075369300493389,0.0560913705583756,0.013844246145839234,0.005022837582031384
185,Hurdle-AR(5)-S-P,0.09983079526226733,0.06260575296108291,0.047377326565143825,0.16751269035532995,0.17338238824457258,0.22687733598150428,0.02569203182418049,0.06085437332149933,0.06040609137055841,0.020763348862408992,0.005236030697939806
186,SE-Hurdle-S,0.06429780033840947,0.038917089678511,0.04230118443316413,0.025380710659898477,0.06824548253637672,0.06366609772368198,0.026409532155221113,0.06550824095345062,0.055245346869712386,0.014979526107232799,0.0063286389439908
186,SE-Hurdle-T5,0.07130771090161955,0.05583756345177665,0.03553299492385787,0.03553299492385787,0.06652192612929117,0.10329781855904537,0.021982484123919174,0.0644355017245816,0.05736040609137061,0.03147713740472868,0.008743904539540895
186,Hurdle-AR(5)-S-P,0.09636612682297961,0.07614213197969544,0.05414551607445008,0.18104906937394247,0.17087603875139762,0.2280069613514589,0.034047045826578824,0.0629909715388402,0.05600676818950928,0.039202470131494305,0.0016125050605990676
187,SE-Hurdle-S,0.062444605591813716,0.09983079526226735,0.02707275803722504,0.049069373942470386,0.03171925811568557,0.055462181078672505,0.02078895469506151,0.04984469933709151,0.06023688663282567,0.016963297560474933,0.004011885777071476
187,SE-Hurdle-T5,0.06333091612279429,0.06598984771573604,0.04568527918781726,0.05583756345177665,0.12963247608855138,0.09521013557328786,0.018254522344183927,0.06731563933111404,0.0563451776649746,0.03859155473174275,0.009905779646999444
187,Hurdle-AR(5)-S-P,0.10063653210861331,0.07445008460236886,0.050761421319796954,0.17258883248730963,0.22700972309117048,0.23099990359622202,0.029762798195296546,0.06433466046023215,0.05930626057529609,0.05229929293281249,0.0066255520587694475
188,SE-Hurdle-S,0.06615099508500524,0.06937394247038917,0.04230118443316413,0.0676818950930626,0.009367986880927714,0.04558265312670467,0.019910014824635627,0.0652747648449831,0.05363790186125211,0.02638897589302852,0.00779618567986827
188,SE-Hurdle-T5,0.07630327934896462,0.05752961082910321,0.04230118443316413,0.06260575296108291,0.13593285140552674,0.1126058945401445,0.02232405980687398,0.058626202332293396,0.057783417935702186,0.03257744396641227,0.007901508150728674
188,Hurdle-AR(5)-S-P,0.09354604786076869,0.07952622673434856,0.049069373942470386,0.16243654822335024,0.18656041696389444,0.2265631484333282,0.025771834224138156,0.06412101407034922,0.05575296108291039,0.05588355413360663,0.005480944541439645
189,SE-Hurdle-S,0.08154056885021352,0.1065989847715736,0.07106598984771574,0.07614213197969544,0.057966842978123045,0.06459258422826572,0.024623762724835598,0.061899484272165406,0.05304568527918785,0.033794388905853234,0.010645152509965318
189,SE-Hurdle-T5,0.07090484247844656,0.08121827411167512,0.05245346869712352,0.049069373942470386,0.0743063794297465,0.09440032848752677,0.017683493700082153,0.06868003307334607,0.05321489001692048,0.03480346490608116,0.009216043975778007
189,Hurdle-AR(5)-S-P,0.09338490049149949,0.06937394247038917,0.05752961082910321,0.1844331641285956,0.25483684833017334,0.2424640433246019,0.029586966866076998,0.060988536346432885,0.06353637901861253,0.03831226551052541,0.004254530756304449
190,SE-Hurdle-S,0.06486181613085167,0.05922165820642978,0.05922165820642978,0.04568527918781726,0.04864687239671045,0.055000338974640364,0.019282982936117618,0.05493947092525088,0.05033840947546531,0.012970310146528885,0.0037578745586569
190,SE-Hurdle-T5,0.07090484247844653,0.04568527918781726,0.04568527918781726,0.08629441624365482,0.1131383010732679,0.09024166585165808,0.019886328691672464,0.0504543619941571,0.053299492385786795,0.02845974016020736,0.008046938339389194
190,Hurdle-AR(5)-S-P,0.09467407944565305,0.06260575296108291,0.05583756345177665,0.1692047377326565,0.10227356232947281,0.1638917290636977,0.03325040108693993,0.05421539131246708,0.06091370558375642,0.03344950424306453,0.0006823522478865765
191,SE-Hurdle-S,0.07356377407138828,0.077834179357022,0.038917089678511,0.050761421319796954,0.01930865795638187,0.07110819997934258,0.022865741491090292,0.05590880916281678,0.057445008460236924,0.03410550604080048,0.0019705945558829707
191,SE-Hurdle-T5,0.06832648457013939,0.0727580372250423,0.04060913705583756,0.04060913705583756,0.06011758751631177,0.11241295447894825,0.019096003693684475,0.053229738593230484,0.05177664974619289,0.039846022371949896,0.009285778471414242
191,Hurdle-AR(5)-S-P,0.09435178470711464,0.050761421319796954,0.050761421319796954,0.1692047377326565,0.19037905961036045,0.1630148403129971,0.026254864524925595,0.06517270160640248,0.05972927241962778,0.033022909282691026,0.0001540433376582065
192,SE-Hurdle-S,0.06316976875352512,0.0676818950930626,0.0676818950930626,0.047377326565143825,0.04145546512384651,0.04399637296650425,0.01938161128005226,0.05849747980822143,0.0643824027072758,0.00036136871163261475,0.0066381769091156465
192,SE-Hurdle-T5,0.06776246877769719,0.05414551607445008,0.04230118443316413,0.032148900169204735,0.05225217208238278,0.06400169941972815,0.0209338322250098,0.04669804436676538,0.05566835871404402,0.03894252631876899,0.006058964166751356
192,Hurdle-AR(5)-S-P,0.11191684795745709,0.08460236886632826,0.05752961082910321,0.17766497461928935,0.2181688697125829,0.1625784948747504,0.02832449805701364,0.06423688152907592,0.060659898477157304,0.029683079878388585,0.00016946008320474493
193,SE-Hurdle-S,0.07058254773990814,0.05922165820642978,0.06260575296108291,0.04568527918781726,0.06180547570819525,0.05862700044966578,0.017816147529591504,0.05220798646211897,0.057614213197969555,0.029425915792293866,0.0029166295086326607
193,SE-Hurdle-T5,0.07090484247844654,0.07614213197969544,0.030456852791878174,0.021996615905245348,0.08832077074187332,0.07799745069490291,0.022305817109208835,0.06883692689824601,0.05499153976311344,0.01971445750724493,0.003716188643569006
193,Hurdle-AR(5)-S-P,0.09805817420030619,0.05414551607445008,0.07106598984771574,0.18104906937394247,0.29040422600123483,0.2274417720820143,0.03530852653491256,0.063092279496512,0.05710659898477155,0.026854555026653792,0.0010178022997340552
194,SE-Hurdle-S,0.06832648457013939,0.09306260575296109,0.047377326565143825,0.06260575296108291,0.02134003890583444,0.03175902624538187,0.021420497879929303,0.06668840442239181,0.05448392554991538,0.022154114516872492,0.010083957350933585
194,SE-Hurdle-T5,0.06969623720892755,0.05583756345177665,0.030456852791878174,0.03722504230118443,0.08220425071705174,0.09134509014782902,0.01975991241277612,0.07363060935845513,0.05888324873096451,0.03164589077319646,0.007979358522628502
194,Hurdle-AR(5)-S-P,0.09507694786882606,0.047377326565143825,0.0727580372250423,0.1692047377326565,0.17422864865706836,0.21935745979679816,0.029935199265884838,0.05829235667999756,0.056937394247038864,0.0374366044182346,0.007089909701933295
195,SE-Hurdle-S,0.06623156876963983,0.06429780033840947,0.04060913705583756,0.03553299492385787,0.022380754848343676,0.06776919265466833,0.01998249132837683,0.08182010646375504,0.06243654822335026,0.02574223216911864,0.008190827456265586
195,SE-Hurdle-T5,0.06615099508500524,0.0727580372250423,0.050761421319796954,0.049069373942470386,0.03695321207855584,0.059712268257419855,0.019378546475508875,0.05414748149753266,0.05854483925549914,0.043735040511437895,0.007651639704028136
195,Hurdle-AR(5)-S-P,0.07952622673434856,0.04568527918781726,0.043993231810490696,0.13874788494077833,0.24344376102918613,0.2126093085535853,0.023748702941357336,0.06157277556562378,0.061590524534687,0.02445078035461401,0.0021545866077839135
196,SE-Hurdle-S,0.06872935299331238,0.05245346869712352,0.03722504230118443,0.05752961082910321,0.04833399125512444,0.06903223643385611,0.01929780052751788,0.07763820636893662,0.06328257191201353,0.015433584007226109,0.008958065588621375
196,SE-Hurdle-T5,0.06510353718475545,0.06598984771573604,0.05414551607445008,0.025380710659898477,0.036937353312260224,0.04602594206468253,0.023424419181141805,0.0802673284407543,0.05566835871404402,0.011857884506035365,0.0014337116508319203
196,Hurdle-AR(5)-S-P,0.10144226895495931,0.06260575296108291,0.05583756345177665,0.19458544839255498,0.20223113023252715,0.2267596933331467,0.03350642776488849,0.05947287252846421,0.05769881556683587,0.025536599042428387,0.0015537964539286617
197,SE-Hurdle-S,0.06768189509306259,0.05583756345177665,0.05583756345177665,0.032148900169204735,0.028192434730301807,0.048981938863726614,0.022177084865884725,0.08017232632254426,0.05795262267343487,0.02260993895718999,0.006674388650299526
197,SE-Hurdle-T5,0.0676818950930626,0.07445008460236886,0.07614213197969544,0.038917089678511,0.017682020772057022,0.061401998027746624,0.018274219275029993,0.07647581246880802,0.05203045685279195,0.028935857212409932,0.004361044525692706
197,Hurdle-AR(5)-S-P,0.10474579002497787,0.077834179357022,0.06937394247038917,0.20304568527918782,0.20337045195219813,0.21015586978570733,0.02974481454420225,0.0518392662344649,0.05659898477157366,0.035050691282990654,0.0019410921795997432
198,SE-Hurdle-S,0.06647328982354364,0.047377326565143825,0.0338409475465313,0.04568527918781726,0.037558224000435514,0.04741913195997864,0.01981465004770978,0.07490193820533736,0.06023688663282567,0.003224125639523401,0.0027174053391618297
198,SE-Hurdle-T5,0.062444605591813716,0.05752961082910321,0.049069373942470386,0.03553299492385787,0.14112170439821464,0.10037488153913517,0.01908581267950286,0.06474659064151439,0.05109983079526231,0.042743843776851476,0.013376929301621696
198,Hurdle-AR(5)-S-P,0.10410120054790106,0.0727580372250423,0.06429780033840947,0.1793570219966159,0.18646254741584128,0.20693563273517354,0.032972946910783174,0.057255711700695475,0.05719120135363792,0.0297588678932737,0.009020592795839846
199,SE-Hurdle-S,0.06244460559181371,0.07445008460236886,0.05245346869712352,0.05583756345177665,0.07557472412948996,0.04970804772322859,0.021789478048246432,0.060899359519789927,0.06395939086294411,0.008842970510538839,0.005349299937396544
199,SE-Hurdle-T5,0.06429780033840948,0.09306260575296109,0.06260575296108291,0.03722504230118443,0.07573675211949635,0.06531816894713773,0.014764110104847135,0.05881425266512976,0.055160744500846015,0.033620909070428806,0.0101810832479515
199,Hurdle-AR(5)-S-P,0.11111111111111112,0.09983079526226735,0.07952622673434856,0.19120135363790186,0.14130381843916584,0.18421376229822503,0.027882276663162026,0.06201840553054631,0.061505922165820626,0.03207840274646684,0.0032195498898322863
200,SE-Hurdle-S,0.06486181613085167,0.077834179357022,0.04568527918781726,0.038917089678511,0.03304876690020256,0.05305228477553088,0.022423159291397845,0.06159368710364072,0.057529610829103184,0.019499555312164185,0.008070933395811858
200,SE-Hurdle-T5,0.06590927403110144,0.05922165820642978,0.050761421319796954,0.032148900169204735,0.10837568607680229,0.08081030626594353,0.018560348406959037,0.08017292800949963,0.05693739424703892,0.034533433999756225,0.010338672196440225
200,Hurdle-AR(5)-S-P,0.08564982676657804,0.06429780033840947,0.06429780033840947,0.16751269035532995,0.09685926008121198,0.17618766810708963,0.01931495243946826,0.050090864298961174,0.061928934010152314,0.04367580826725326,0.0005853563522112623
201,SE-Hurdle-S,0.06462009507694788,0.06091370558375635,0.06260575296108291,0.049069373942470386,0.07700652552788459,0.0531207767913487,0.025299050894495023,0.06535917735963674,0.0576142131979695,0.014268850446695847,0.006277617942574948
201,SE-Hurdle-T5,0.07106598984771573,0.08798646362098139,0.050761421319796954,0.047377326565143825,0.03706637729369541,0.06941836060980049,0.023881794687357575,0.061768362438900735,0.05423011844331643,0.04256564984508726,0.0017852020343687852
201,Hurdle-AR(5)-S-P,0.0962049794537104,0.06260575296108291,0.05414551607445008,0.17089678510998307,0.1205002364430431,0.19170867913061623,0.023425453016279085,0.060643329501258274,0.056175972927242024,0.04407962498118084,0.007884945973021945
202,SE-Hurdle-S,0.06389493191523649,0.05752961082910321,0.03553299492385787,0.030456852791878174,0.03324045678780549,0.054748262937189644,0.02097949746382443,0.06656739637336663,0.05143824027072763,0.02138936251421858,0.007018244317934116
202,SE-Hurdle-T5,0.07050197405527354,0.06598984771573604,0.06598984771573604,0.030456852791878174,0.018498626003611657,0.06800761378308057,0.02076489049330844,0.07009775797736308,0.055160744500846015,0.02750834844050143,4.428404615412079e-05
202,Hurdle-AR(5)-S-P,0.10216743211667069,0.077834179357022,0.06937394247038917,0.18274111675126903,0.19510390711013115,0.21230241532065083,0.031339801827790406,0.06534549113269245,0.06708967851099834,0.036143021742564174,0.0007879888004665506
203,SE-Hurdle-S,0.07179115300942714,0.07952622673434856,0.032148900169204735,0.050761421319796954,0.02229097904683408,0.03422616416506996,0.018005462656541273,0.07658785678884256,0.05439932318104912,0.026066343398278735,0.0056389601215623
203,SE-Hurdle-T5,0.07388606880992667,0.07445008460236886,0.038917089678511,0.032148900169204735,0.02109707472126704,0.08791906623538054,0.02165389892208558,0.06875399677252074,0.051522842639593947,0.013544793191690052,0.0021699061078967533
203,Hurdle-AR(5)-S-P,0.09330432680686489,0.050761421319796954,0.050761421319796954,0.15397631133671744,0.1864998236302662,0.20213057400930554,0.025394146769668034,0.06914367786725976,0.06243654822335032,0.035061297763941235,0.00909287459641294
204,SE-Hurdle-S,0.07042140037063895,0.07614213197969544,0.049069373942470386,0.050761421319796954,0.05580762820976112,0.059847356388118576,0.02135809823443699,0.07513400191355508,0.05296108291032153,0.024331705782079327,0.004208959178233038
204,SE-Hurdle-T5,0.06067198452985255,0.0727580372250423,0.032148900169204735,0.032148900169204735,0.04258005028114592,0.09325798734585167,0.01962844804768019,0.08500583970240748,0.06023688663282567,0.023253327908734855,0.0051149386858906215
204,Hurdle-AR(5)-S-P,0.1216662637982435,0.08967851099830795,0.08967851099830795,0.2131979695431472,0.13924920235689153,0.1448717023270968,0.04252541649050273,0.05531901796669457,0.058798646362098195,0.02535695688464168,0.007608075228260319
205,SE-Hurdle-S,0.07001853194746596,0.05922165820642978,0.03722504230118443,0.03553299492385787,0.024224137473199986,0.05115303843635477,0.017872269061550212,0.059975861005814715,0.05803722504230113,0.030428416251330637,0.003771281935843175
205,SE-Hurdle-T5,0.07042140037063896,0.05752961082910321,0.04060913705583756,0.05752961082910321,0.14734328351434994,0.1293308277527593,0.023886939494693584,0.06949168938412362,0.05719120135363798,0.04494742324906564,0.012909650124732316
205,Hurdle-AR(5)-S-P,0.11779872693578272,0.09983079526226735,0.09306260575296109,0.2182741116751269,0.23378527890524356,0.20749796812561622,0.03564675831834545,0.05585103200287689,0.05989847715736035,0.0511689520576189,0.0016794856789227042
206,SE-Hurdle-S,0.06913222141648538,0.04230118443316413,0.032148900169204735,0.04060913705583756,0.016270460173727713,0.039637738921019045,0.022269096021108874,0.07358128144340968,0.05736040609137055,0.02315205384987462,0.005150083090669048
206,SE-Hurdle-T5,0.057690758198372424,0.07106598984771574,0.0338409475465313,0.0338409475465313,0.10835377633232034,0.08506926720766642,0.01901474922682143,0.05953838156005887,0.05152284263959389,0.02391553178447836,0.009435058843149186
206,Hurdle-AR(5)-S-P,0.10925791636451536,0.09137055837563451,0.07614213197969544,0.17766497461928935,0.09765236855891453,0.14240542987147287,0.029623113693292232,0.05509082384606767,0.058967851099830826,0.044996297393693374,0.005696697823501386
207,SE-Hurdle-S,0.0628474740149867,0.0727580372250423,0.047377326565143825,0.043993231810490696,0.01967096220254383,0.042793023820237225,0.019085829324994166,0.054864297811897465,0.0553299492385787,0.0032253446716996037,0.006688602454440404
207,SE-Hurdle-T5,0.0638143582306019,0.07614213197969544,0.030456852791878174,0.025380710659898477,0.07221471887526135,0.07050505911350934,0.02032652980606811,0.05041887338278394,0.049576988155668356,0.037355168563616425,0.0011737183539916665
207,Hurdle-AR(5)-S-P,0.09145113206026913,0.06598984771573604,0.03722504230118443,0.1692047377326565,0.20110462883804642,0.1975994816953219,0.02623245207007671,0.06500632561958226,0.05600676818950934,0.038835832034623485,0.003474153433775287
208,SE-Hurdle-S,0.06510353718475545,0.06937394247038917,0.049069373942470386,0.03553299492385787,0.06714722417652327,0.05233334173058235,0.017916827270377567,0.06459938538006606,0.0553299492385787,0.005673456116118358,0.000987646709000936
208,SE-Hurdle-T5,0.0688905003625816,0.05414551607445008,0.0338409475465313,0.06260575296108291,0.12908472341768495,0.10786494603216278,0.021382950117568297,0.06947463600314853,0.049407783417935724,0.034669640581334316,0.006735112334105904
208,Hurdle-AR(5)-S-P,0.09290145838369188,0.05245346869712352,0.05922165820642978,0.17766497461928935,0.19179626846394696,0.22609799559911112,0.02566867825598441,0.050510636749749885,0.05947546531302883,0.027633887992618622,0.0025246644135549084
209,SE-Hurdle-S,0.07066312142454276,0.08460236886632826,0.028764805414551606,0.050761421319796954,0.00016179255740797482,0.05327918673197167,0.017365791778079277,0.061833273682450465,0.05634517766497471,0.021183004789780302,0.004761072831929752
209,SE-Hurdle-T5,0.06711787930062042,0.06091370558375635,0.04060913705583756,0.05752961082910321,0.13126326254168902,0.11699479012396204,0.021298743479417744,0.06319621342190375,0.0565989847715736,0.04221034254192835,0.007562712793209601
209,Hurdle-AR(5)-S-P,0.10869390057207315,0.08460236886632826,0.06429780033840947,0.18612521150592218,0.14132033654003798,0.18085236780752342,0.03672412754873221,0.04991661836471082,0.0603214890016921,0.030841690961619095,0.0013684591903059054
210,SE-Hurdle-S,0.06663443719281283,0.0676818950930626,0.03722504230118443,0.032148900169204735,0.0067764950454505535,0.04639812853602292,0.024727182632534324,0.05862022694948614,0.05236886632825721,0.026894672869237413,0.0038485397407607425
210,SE-Hurdle-T5,0.07001853194746596,0.04568527918781726,0.049069373942470386,0.043993231810490696,0.053255671285962536,0.08050101113758246,0.020341306074410467,0.07159213747288275,0.05930626057529609,0.024324950318373728,0.011419789192565762
210,Hurdle-AR(5)-S-P,0.10498751107888162,0.09813874788494077,0.06937394247038917,0.19289340101522842,0.23845439499431237,0.23228085386154515,0.03247589780837293,0.05700286340071102,0.05803722504230113,0.04819679295815282,0.004434501131822123
211,SE-Hurdle-S,0.062444605591813716,0.05752961082910321,0.03722504230118443,0.038917089678511,0.09949457987232214,0.06812756835340732,0.02303316710852662,0.0721252410534153,0.059306260575296144,0.01812025539495693,0.008036433637101943
211,SE-Hurdle-T5,0.06945451615502375,0.08121827411167512,0.08460236886632826,0.05583756345177665,0.045142797293664105,0.06146082405950983,0.021381273159596564,0.06061447179019552,0.05744500846023687,0.028190733755770914,0.00021016169366463305
211,Hurdle-AR(5)-S-P,0.10184513737813228,0.0727580372250423,0.0676818950930626,0.1793570219966159,0.2192820248313719,0.1846297458185477,0.030134296474188825,0.05597980227342781,0.060236886632825726,0.04329104509189219,0.006655701802260064
212,SE-Hurdle-S,0.06985738457819676,0.06598984771573604,0.047377326565143825,0.04230118443316413,0.07937409913319722,0.0590798686215388,0.021388279886536535,0.061279314631892685,0.0538071065989848,0.04096584644059076,0.00275470183180504
212,SE-Hurdle-T5,0.06679558456208202,0.047377326565143825,0.04060913705583756,0.08121827411167512,0.15233403328744954,0.12371660644362613,0.02260679023809462,0.06809233009486237,0.05499153976311344,0.03239133134115696,0.005813310660889477
212,Hurdle-AR(5)-S-P,0.09660784787688341,0.05414551607445008,0.05922165820642978,0.17428087986463622,0.15039563165801817,0.20702077086076687,0.03107266780885687,0.07989457097909325,0.05786802030456856,0.025716878025472067,0.006833888466405119
213,SE-Hurdle-S,0.05744903714446861,0.05922165820642978,0.05245346869712352,0.03553299492385787,0.00040878056310261757,0.049401631561329255,0.017495705688636322,0.06343114352666432,0.054060913705583746,0.005355839919740757,0.003902121249523771
213,SE-Hurdle-T5,0.07533639513334946,0.05583756345177665,0.050761421319796954,0.050761421319796954,0.13960674822445202,0.09282618399054218,0.025390210466570556,0.06644186315590792,0.05262267343485627,0.03897747528682621,0.011715325824161148
213,Hurdle-AR(5)-S-P,0.10450406897107403,0.07952622673434856,0.08121827411167512,0.20135363790186125,0.16828577442507994,0.22178642136252996,0.03445474454149536,0.05280691998288642,0.05837563451776656,0.036742839640193925,0.0041927546773195615
214,SE-Hurdle-S,0.06115542663766014,0.05414551607445008,0.0829103214890017,0.05583756345177665,0.013862237873750793,0.0457382239472164,0.01946611473333124,0.08526985612812998,0.06353637901861253,0.006616821995815925,0.0029599176361191915
214,SE-Hurdle-T5,0.068004189831601,0.08460236886632826,0.04060913705583756,0.030456852791878174,0.04459514997802247,0.07046511136796636,0.016309904991036017,0.05392892502243383,0.058629441624365564,0.025716270824853782,0.007892982046654867
214,Hurdle-AR(5)-S-P,0.1075658689871888,0.0676818950930626,0.06091370558375635,0.18781725888324874,0.1495157928227393,0.2037972350322417,0.0352458152198955,0.048622087549440585,0.061421319796954366,0.01005129278377831,0.01021585355305709
215,SE-Hurdle-S,0.06913222141648537,0.06260575296108291,0.043993231810490696,0.05245346869712352,0.006334941218484769,0.047933781610089626,0.019746908566106596,0.05209599917382569,0.05609137055837565,0.012091817153017381,0.004110732402321078
215,SE-Hurdle-T5,0.06985738457819678,0.06598984771573604,0.04230118443316413,0.0338409475465313,0.06468234069603956,0.0876773797932034,0.021030766926775055,0.05930646139874325,0.05321489001692048,0.035507387189305295,0.0036581328685458547
215,Hurdle-AR(5)-S-P,0.10095882684715173,0.06937394247038917,0.04230118443316413,0.20642978003384094,0.19930176028386482,0.23291054757735982,0.03403966122068337,0.0679015630861315,0.058121827411167504,0.0302107893495962,0.003844528268896287
216,SE-Hurdle-S,0.06631214245427441,0.047377326565143825,0.038917089678511,0.0338409475465313,0.03203188840777563,0.06097099447540789,0.019705868576989853,0.05813694300743622,0.05702199661590529,0.011595933310485806,0.0021398866307742737
216,SE-Hurdle-T5,0.06453952139231327,0.12013536379018612,0.04060913705583756,0.05922165820642978,0.02605174852021447,0.05687871071981872,0.018386553890982666,0.06344153444469737,0.05795262267343487,0.028166994721130434,0.011129709727713447
216,Hurdle-AR(5)-S-P,0.09910563210055597,0.06429780033840947,0.04568527918781726,0.18104906937394247,0.16517611361122347,0.18277981744318497,0.029205589077474826,0.053128227324986635,0.06057529610829099,0.03428771420716037,0.003331561143527159
217,SE-Hurdle-S,0.06582870034646686,0.050761421319796954,0.0829103214890017,0.032148900169204735,9.848258020805911e-06,0.05839735331613045,0.02368365806520373,0.07063822008565945,0.05236886632825716,0.027322566216618105,0.0059699789674564005
217,SE-Hurdle-T5,0.07896221094190636,0.08121827411167512,0.06091370558375635,0.028764805414551606,0.10781865665377728,0.08547648111073575,0.019581886182234897,0.058928318746982344,0.06023688663282578,0.04934729964092999,0.010125689569122423
217,Hurdle-AR(5)-S-P,0.10603496897913141,0.08629441624365482,0.07445008460236886,0.16412859560067683,0.13741361308790628,0.19726222244123268,0.030415515243436896,0.05350118209029047,0.06125211505922168,0.02233216276869404,0.004491231066218182
218,SE-Hurdle-S,0.067601321408428,0.06260575296108291,0.030456852791878174,0.038917089678511,0.007525490697424586,0.0502740585243058,0.018831435214110306,0.05393620487748186,0.06049069373942473,0.03094838547140988,0.005938047285189096
218,SE-Hurdle-T5,0.0722745951172347,0.07952622673434856,0.04060913705583756,0.05752961082910321,0.013577144685243125,0.08068921475368057,0.021497967372838264,0.05993131771516954,0.051945854483925635,0.03651297653851532,0.00875936810910865
218,Hurdle-AR(5)-S-P,0.11280315848843764,0.09813874788494077,0.05922165820642978,0.17766497461928935,0.1945394254906679,0.18757266960074673,0.0332106931679353,0.07619219555584522,0.06125211505922168,0.042182449497565166,0.00774651483598679
219,SE-Hurdle-S,0.06325034243815969,0.05922165820642978,0.047377326565143825,0.0338409475465313,0.021689386182092624,0.04678165715627237,0.017775441994384588,0.05914563116498734,0.052115059221658155,0.02361781307021954,0.0049047731640616266
219,SE-Hurdle-T5,0.07138828458625412,0.1116751269035533,0.04060913705583756,0.04230118443316413,0.11904641870372198,0.0745928343159957,0.01949904066521683,0.055377919107347844,0.05279187817258879,0.043361467339292636,0.007718224860803889
219,Hurdle-AR(5)-S-P,0.11240029006526467,0.06260575296108291,0.07106598984771574,0.20304568527918782,0.2197796850430124,0.19629838690197193,0.038579981790348786,0.04384059318870272,0.06235194585448395,0.021994797587708725,0.006845031202149514
220,SE-Hurdle-S,0.06470066876158247,0.06260575296108291,0.04568527918781726,0.05414551607445008,0.04770458078710202,0.04504061071193398,0.016809667433906404,0.06555126207696732,0.058714043993231824,0.0035891385606847126,0.0010614523082438793
220,SE-Hurdle-T5,0.06631214245427443,0.05583756345177665,0.04230118443316413,0.03722504230118443,0.07184283398656388,0.0674182369099593,0.02413281458306522,0.07912193790212516,0.059983079526226724,0.013354364308834521,0.005766248450057909
220,Hurdle-AR(5)-S-P,0.09056482152928853,0.05583756345177665,0.05922165820642978,0.17258883248730963,0.2111530560965541,0.20984344697790325,0.026157573904692852,0.06801203186322508,0.06395939086294411,0.03453961507384118,0.00239333396736649
221,SE-Hurdle-S,0.0682459108855048,0.05583756345177665,0.043993231810490696,0.05752961082910321,0.0151017049973165,0.05989342898351729,0.023387400097465826,0.05558536747930585,0.05516074450084607,0.02490426902884957,0.009102643241181554
221,SE-Hurdle-T5,0.06453952139231327,0.0829103214890017,0.04568527918781726,0.0338409475465313,0.10565463911327494,0.07820424623274563,0.020376757327416235,0.069517569249826,0.05397631133671743,0.041890768906842235,0.006292398230766938
221,Hurdle-AR(5)-S-P,0.10949963741841914,0.0829103214890017,0.07614213197969544,0.20812182741116753,0.2462128911433416,0.20178586132957121,0.03109747777661067,0.06540687869302787,0.06294416243654821,0.031872596311350476,0.0024844947087524216
222,SE-Hurdle-S,0.06897107404721618,0.050761421319796954,0.049069373942470386,0.04060913705583756,0.07924311075612075,0.05332184098887233,0.017146483864440686,0.05608839065864025,0.05600676818950934,0.02652629534942086,0.007019990665352235
222,SE-Hurdle-T5,0.06308919506889049,0.05583756345177665,0.0338409475465313,0.0338409475465313,0.10186461656563361,0.07139412119203847,0.0230299670475666,0.06035277334190324,0.053722504230118484,0.015458659903607841,0.0008474240026473678
222,Hurdle-AR(5)-S-P,0.10821045846426555,0.07614213197969544,0.05583756345177665,0.19120135363790186,0.1811356220967879,0.20574193552604236,0.029746009665743582,0.0536259536773802,0.06040609137055836,0.034873010483732425,0.0014758624615431246
223,SE-Hurdle-S,0.06655386350817823,0.08629441624365482,0.047377326565143825,0.05414551607445008,0.061155847297677174,0.04396091315449155,0.024669604549343145,0.06016464588410031,0.05329949238578685,0.02176642573285248,0.0073302527539749265
223,SE-Hurdle-T5,0.06615099508500524,0.07614213197969544,0.05245346869712352,0.032148900169204735,0.04953058841597324,0.0761663134219117,0.02176847936171253,0.06496913736684705,0.05397631133671743,0.04404871296646168,0.010488512862971408
223,Hurdle-AR(5)-S-P,0.09000080573684636,0.0676818950930626,0.05922165820642978,0.17089678510998307,0.17233097365028355,0.22092297086371923,0.021868808123882776,0.049141787514853215,0.05414551607445012,0.04155136786299213,0.00441425445182278
224,SE-Hurdle-S,0.06462009507694788,0.05583756345177665,0.038917089678511,0.05752961082910321,0.0004575173256345655,0.05674693121651689,0.019552608968411656,0.06381978166903068,0.05981387478849404,0.015968856650167562,0.005638773189308645
224,SE-Hurdle-T5,0.06550640560792845,0.06429780033840947,0.06091370558375635,0.03553299492385787,0.07261559613465238,0.05653437466283033,0.015485922979175695,0.06196388119537155,0.05676818950930629,0.023896343603595438,0.00997424612092488
224,Hurdle-AR(5)-S-P,0.11626782692772544,0.10152284263959391,0.0676818950930626,0.19120135363790186,0.19571794497027478,0.24048412881642323,0.029241626329088225,0.05062915459076115,0.05939086294416246,0.05662975875085163,0.010884622138294532
225,SE-Hurdle-S,0.06703730561598581,0.049069373942470386,0.050761421319796954,0.038917089678511,0.008041356469660893,0.041525794574746054,0.020855696337710446,0.06434754291406207,0.052199661590524526,0.016495515754006818,0.01040367417687605
225,SE-Hurdle-T5,0.061558295060833136,0.06598984771573604,0.06598984771573604,0.030456852791878174,0.01814259435641022,0.0495904944565694,0.017650411529328343,0.060371759211944695,0.052115059221658266,0.015686289464884873,0.005169188657348882
225,Hurdle-AR(5)-S-P,0.10684070582547742,0.07614213197969544,0.06598984771573604,0.18274111675126903,0.109462861057366,0.1848619503522111,0.031717711130312846,0.050280793791074044,0.05862944162436545,0.046357707773701295,0.01050993099970772
226,SE-Hurdle-S,0.07251631617113852,0.0676818950930626,0.049069373942470386,0.049069373942470386,0.04681895108251971,0.056877177919590266,0.01906517461355084,0.056945624965375606,0.053891708967851115,0.03909743505272928,0.007971712080198728
226,SE-Hurdle-T5,0.07251631617113852,0.09137055837563451,0.05245346869712352,0.05752961082910321,0.06596390037347868,0.08730024915627056,0.023945409216097256,0.07064934479792852,0.05769881556683587,0.03959283766101074,0.009718810622360359
226,Hurdle-AR(5)-S-P,0.106921279510112,0.08629441624365482,0.05922165820642978,0.18612521150592218,0.08514362369648848,0.17223767518225583,0.029406176742057206,0.05138674659089858,0.06023688663282578,0.034577365867435206,0.0013524139054610085
227,SE-Hurdle-S,0.06381435823060189,0.10321489001692047,0.07445008460236886,0.05583756345177665,0.014350449558482914,0.04442765870295309,0.016108054214816023,0.06733700271776104,0.06269035532994921,0.017133040022800694,0.002108436400440533
227,SE-Hurdle-T5,0.06945451615502378,0.08967851099830795,0.077834179357022,0.05752961082910321,0.075911629442346,0.06026163583055597,0.020992361732173382,0.061507942812752715,0.05541455160744496,0.03850787874608863,0.008557829141859305
227,Hurdle-AR(5)-S-P,0.10385947949399728,0.07614213197969544,0.06429780033840947,0.18104906937394247,0.07896613028594107,0.17071434148404963,0.031379267127103073,0.06662995005787772,0.06429780033840948,0.03186729167335883,0.0018537676843366283
228,SE-Hurdle-S,0.07058254773990814,0.0338409475465313,0.049069373942470386,0.03553299492385787,0.06557595785557921,0.06174606164705144,0.018803619010164706,0.07146556056463761,0.05795262267343487,0.01787162121030933,0.004611763807269499
228,SE-Hurdle-T5,0.0638949319152365,0.06429780033840947,0.043993231810490696,0.028764805414551606,0.091042934316474,0.08136178224523571,0.020720469626836477,0.05798554377150388,0.05423011844331638,0.022048927751669334,0.003907288919496585
228,Hurdle-AR(5)-S-P,0.09950850052372896,0.05922165820642978,0.03553299492385787,0.1658206429780034,0.22784375424467304,0.21369257696813354,0.02426287250199456,0.0781130174606832,0.055160744500846015,0.033535145085980544,0.002179095972359303
229,SE-Hurdle-S,0.06864877930867778,0.08629441624365482,0.038917089678511,0.06260575296108291,0.055317748182884124,0.04298637784097583,0.020169962868874933,0.055755612253975115,0.057021996615905235,0.014825519156357103,0.0064460530905338514
229,SE-Hurdle-T5,0.059382805575698965,0.05245346869712352,0.047377326565143825,0.023688663282571912,0.022768124058209327,0.06005791617074846,0.021733256915728152,0.06410285560343647,0.060067681895093095,0.012766620129758155,0.008333048724705867
229,Hurdle-AR(5)-S-P,0.09120941100636533,0.06937394247038917,0.043993231810490696,0.1658206429780034,0.20242826097569508,0.24562715630914023,0.020752675836614064,0.0702992558472081,0.05803722504230119,0.05064596602275134,0.003692198287011332
230,SE-Hurdle-S,0.06486181613085167,0.04568527918781726,0.04568527918781726,0.021996615905245348,0.07189349836680717,0.052898418124709204,0.021122803963175892,0.0352550196608143,0.05719120135363792,0.001104765384010331,0.0010693576006172226
230,SE-Hurdle-T5,0.06453952139231328,0.07952622673434856,0.04060913705583756,0.032148900169204735,0.03849483293650585,0.07565106927678468,0.021809456546734815,0.07084588545443597,0.053384094754653166,0.0405430867459311,0.011206562835222256
230,Hurdle-AR(5)-S-P,0.10063653210861331,0.07952622673434856,0.06260575296108291,0.1844331641285956,0.21341690144056746,0.20344029673926367,0.02711093204215061,0.07048072204274604,0.05642978003384097,0.05893451947526712,0.006512651102745112
231,SE-Hurdle-S,0.07243574248650392,0.07106598984771574,0.047377326565143825,0.0676818950930626,0.048747688755579166,0.04108981003131487,0.022419675723448974,0.06540821474336211,0.05093062605752957,0.024084007647720562,0.0007799195991607041
231,SE-Hurdle-T5,0.0725968898557731,0.05583756345177665,0.05245346869712352,0.028764805414551606,0.0746490441565012,0.07889291485136149,0.020067358053316654,0.060239758318592795,0.05473773265651438,0.03925020619923236,0.00737205658879387
231,Hurdle-AR(5)-S-P,0.10893562162597697,0.077834179357022,0.047377326565143825,0.15736040609137056,0.12427710335736193,0.14788704451543275,0.034831673887355155,0.05660603775135966,0.06209813874788489,0.03773326092366025,0.005052733947466456
232,SE-Hurdle-S,0.0676818950930626,0.0338409475465313,0.043993231810490696,0.030456852791878174,0.04547078012134753,0.05710442943218116,0.022283588496424717,0.06544081410275025,0.06091370558375642,0.01620071329181577,0.006579383684010662
232,SE-Hurdle-T5,0.0722745951172347,0.05583756345177665,0.06260575296108291,0.07106598984771574,0.016500044624739058,0.06582630864432824,0.029605623487407036,0.05043593045896057,0.05854483925549914,0.010842769198306679,0.008222768526892792
232,Hurdle-AR(5)-S-P,0.10136169527032472,0.06429780033840947,0.06429780033840947,0.1793570219966159,0.23246056500436368,0.1969907298908792,0.02982915857769815,0.057413491247807424,0.06049069373942473,0.043468010649995836,0.00474560675152691
233,SE-Hurdle-S,0.06550640560792845,0.07106598984771574,0.04568527918781726,0.043993231810490696,0.003776955451318814,0.0520811375876283,0.02079013430370645,0.05732093951201485,0.053384094754653166,0.01497335894563645,0.0003267389997828954
233,SE-Hurdle-T5,0.06582870034646685,0.05583756345177665,0.028764805414551606,0.04568527918781726,0.002130888075709658,0.052582894465285315,0.023941347242427188,0.05481221011489534,0.055752961082910335,0.002919522198446489,0.010361342326218971
233,Hurdle-AR(5)-S-P,0.11086939005720729,0.08798646362098139,0.05583756345177665,0.18612521150592218,0.1502183862299586,0.22926750603562987,0.02819335089333811,0.0639717700401988,0.06514382402707275,0.04653410850013573,0.006506644535135532
234,SE-Hurdle-S,0.06703730561598582,0.047377326565143825,0.03722504230118443,0.03553299492385787,0.022293987763067485,0.03970021303313536,0.01974547836510935,0.07611490002556313,0.05389170896785106,0.012222406495747684,0.0009001254003200704
234,SE-Hurdle-T5,0.0735637740713883,0.047377326565143825,0.03553299492385787,0.04568527918781726,0.10713302034884067,0.08916693836361206,0.018126363638589035,0.06193571428180346,0.05871404399323177,0.0323517741500815,0.0058152826937383564
234,Hurdle-AR(5)-S-P,0.11175570058818787,0.09306260575296109,0.08798646362098139,0.18781725888324874,0.20428823236770827,0.17503481963627568,0.035638716133750796,0.05117183291191581,0.05939086294416246,0.03515205798734172,0.006769986097491278
235,SE-Hurdle-S,0.06534525823865926,0.05922165820642978,0.047377326565143825,0.050761421319796954,0.0417135351269006,0.06314754211826279,0.015881358795555314,0.049652531233219485,0.05854483925549925,0.02544159146717362,0.002371872711601955
235,SE-Hurdle-T5,0.0728386109096769,0.0829103214890017,0.049069373942470386,0.05752961082910321,0.024627078868959235,0.0748533281125391,0.026568600780613058,0.0650331377482603,0.05304568527918785,0.030512115946806306,0.006010359849651245
235,Hurdle-AR(5)-S-P,0.09016195310611554,0.05583756345177665,0.03722504230118443,0.18612521150592218,0.16634182140351503,0.17139336361541407,0.024225774294564528,0.060595214628986205,0.06395939086294417,0.048023928119617865,0.008674628659336457
236,SE-Hurdle-S,0.06349206349206349,0.07952622673434856,0.04568527918781726,0.050761421319796954,0.10348307178389302,0.0518236784113365,0.021261521856620474,0.05725152209610864,0.06184433164128594,0.010424874311544208,0.00457004232072207
236,SE-Hurdle-T5,0.07114656353235031,0.05245346869712352,0.05245346869712352,0.03553299492385787,0.01177543072392026,0.06542026189195542,0.018337073787702603,0.05711600713748236,0.05693739424703892,0.03771141007875617,0.007156800954755016
236,Hurdle-AR(5)-S-P,0.11256143743453388,0.07952622673434856,0.0676818950930626,0.21150592216582065,0.1866939256914306,0.23381747703650654,0.033412516082298525,0.06002173725913237,0.06049069373942473,0.034865176875672144,0.008914593297447294
237,SE-Hurdle-S,0.07380549512529208,0.07106598984771574,0.04568527918781726,0.05245346869712352,0.0483662266110404,0.06047450436053417,0.019097907703852793,0.06540821519381626,0.05634517766497471,0.03837422984819305,0.01010062743753902
237,SE-Hurdle-T5,0.06373378454596729,0.08967851099830795,0.06598984771573604,0.023688663282571912,0.06395229411318415,0.0996332664728304,0.018521529319260842,0.054612531000189465,0.05795262267343487,0.03827288964385417,0.008852758141899827
237,Hurdle-AR(5)-S-P,0.10530980581742004,0.07614213197969544,0.0727580372250423,0.18612521150592218,0.23611193857027768,0.2411839232592829,0.03423904243439766,0.07014553274512943,0.05862944162436545,0.04615322719217185,0.0024697943769878203
238,SE-Hurdle-S,0.06905164773185078,0.08460236886632826,0.05414551607445008,0.0676818950930626,0.06011289869264774,0.05443177519467768,0.01900018819003339,0.05873229225169501,0.05905245346869714,0.022879475895735635,0.007197332262412655
238,SE-Hurdle-T5,0.06953508983965836,0.08121827411167512,0.05922165820642978,0.02707275803722504,0.039073852067821435,0.07654779255902282,0.02047034999509083,0.06688346635410995,0.054568527918781695,0.042886799206228565,0.007681104864128437
238,Hurdle-AR(5)-S-P,0.1027314479091129,0.08121827411167512,0.047377326565143825,0.20642978003384094,0.1849883524382615,0.24323455625104765,0.03219329726616756,0.05675337729841657,0.06615905245346876,0.025669343648379084,0.005727560612275084
239,SE-Hurdle-S,0.06631214245427444,0.07106598984771574,0.04568527918781726,0.03722504230118443,0.03700184372364282,0.054897419347160935,0.018602887171391764,0.06954436037166352,0.05313028764805411,0.00022055317778518768,0.0029391660762138894
239,SE-Hurdle-T5,0.06647328982354364,0.05922165820642978,0.049069373942470386,0.021996615905245348,0.07943763665151826,0.08030247910507282,0.01755748527663579,0.07461280789597027,0.04915397631133672,0.0270231926021971,0.0049280586192304646
239,Hurdle-AR(5)-S-P,0.10909676899524615,0.08798646362098139,0.08121827411167512,0.19627749576988154,0.20066649110848195,0.20288101682477758,0.0307686077371102,0.0498336321874901,0.06235194585448395,0.042084723320277795,0.007684787669913089
240,SE-Hurdle-S,0.06921279510111997,0.10321489001692047,0.0727580372250423,0.0727580372250423,0.0047490822533637345,0.05666627814175003,0.02346652541880871,0.05528346386739269,0.055076142131979755,0.01769559484680766,0.0008895283874231358
240,SE-Hurdle-T5,0.06615099508500524,0.049069373942470386,0.03722504230118443,0.05414551607445008,0.14659042611591003,0.09978475452851594,0.019233034943875654,0.07282805886338493,0.05609137055837565,0.03103248467824582,0.007094476325017876
240,Hurdle-AR(5)-S-P,0.10579324792522762,0.08629441624365482,0.07614213197969544,0.1996615905245347,0.17580028233273481,0.2377220920366194,0.02586683928482773,0.05867645653474555,0.06539763113367175,0.05476627580992838,0.011149259534828967
241,SE-Hurdle-S,0.06486181613085167,0.09306260575296109,0.05414551607445008,0.05583756345177665,0.022669577812175074,0.037801707535285486,0.018175757009555406,0.05056033127140416,0.05524534686971233,0.01144796862467401,0.005015487864923784
241,SE-Hurdle-T5,0.0730803319635807,0.07614213197969544,0.050761421319796954,0.02707275803722504,0.09416163340274865,0.08488068462208638,0.022150244499996058,0.06476885703429258,0.05609137055837565,0.03725314735248875,0.0038562198587889507
241,Hurdle-AR(5)-S-P,0.11481750060430265,0.08967851099830795,0.06260575296108291,0.18781725888324874,0.1794974854809162,0.18566452691140545,0.031077747776607073,0.05443829609100545,0.06370558375634522,0.036613912310207275,0.006154409019101546
242,SE-Hurdle-S,0.06647328982354364,0.08460236886632826,0.050761421319796954,0.05245346869712352,0.031736968851743014,0.04253747427848228,0.02144334660214324,0.05957589320304922,0.055837563451776595,0.024973353200225257,0.007779889946297018
242,SE-Hurdle-T5,0.06043026347594876,0.07614213197969544,0.047377326565143825,0.043993231810490696,0.08516165956674426,0.07478808227888116,0.022867124367482793,0.05734772885292495,0.06218274111675126,0.018887064975990353,0.0072792439647628784
242,Hurdle-AR(5)-S-P,0.09137055837563453,0.06260575296108291,0.06260575296108291,0.17089678510998307,0.21318708517789667,0.18598993405244482,0.027251673573684746,0.06604023437922121,0.05761421319796961,0.034423443882355687,0.0035975678727147922
243,SE-Hurdle-S,0.06357263717669809,0.05414551607445008,0.04230118443316413,0.038917089678511,0.028615621445052364,0.05709274481597385,0.020872413801704327,0.049168659642650984,0.05203045685279195,0.023367316982390363,0.009057359435733235
243,SE-Hurdle-T5,0.07340262670211908,0.05752961082910321,0.04230118443316413,0.02707275803722504,0.0835807377285325,0.09393614601006792,0.017416210621295253,0.058322885325253385,0.054483925549915435,0.04057167924869742,0.008200934760317947
243,Hurdle-AR(5)-S-P,0.1016839900088631,0.06937394247038917,0.05414551607445008,0.18274111675126903,0.15257134265926553,0.17309590371947597,0.03201452807936367,0.06950199387091108,0.05820642978003382,0.03280154344177344,0.008368792437538478
244,SE-Hurdle-S,0.0686487793086778,0.0676818950930626,0.043993231810490696,0.047377326565143825,0.03370626087619946,0.061698821100976325,0.021950230927117967,0.08255323439349907,0.051945854483925635,0.02897619102458343,0.006149916048709458
244,SE-Hurdle-T5,0.061961163484006127,0.07445008460236886,0.04230118443316413,0.03553299492385787,0.067356230905669,0.06438144982270147,0.022952544337021798,0.052596785046834245,0.051269035532995,0.015152450340517376,0.003230354167930889
244,Hurdle-AR(5)-S-P,0.10901619531061153,0.0727580372250423,0.07106598984771574,0.18612521150592218,0.11652427899271409,0.15943937101102892,0.036359175118337014,0.051419519642785856,0.06184433164128594,0.02263268637036603,0.0013080191695823973
245,SE-Hurdle-S,0.06494238981548625,0.05922165820642978,0.05922165820642978,0.0338409475465313,0.04608049721450294,0.06908015959022769,0.0195277951086851,0.06540179619663307,0.05989847715736041,0.00815414145729143,0.0026208817440839596
245,SE-Hurdle-T5,0.08097655305777132,0.10152284263959391,0.05752961082910321,0.07106598984771574,0.06769818191664984,0.08859497443260184,0.022497843115065776,0.06549968287481284,0.06065989847715736,0.04110040989135938,0.008188464834726024
245,Hurdle-AR(5)-S-P,0.09145113206026911,0.043993231810490696,0.049069373942470386,0.1505922165820643,0.20198111312584088,0.20028485955284522,0.026499864609551532,0.050112912692637714,0.05972927241962778,0.030605373538132974,0.005444458745083133
246,SE-Hurdle-S,0.06365321086133269,0.06260575296108291,0.04230118443316413,0.04060913705583756,0.004829727326609273,0.06881935023358092,0.0226434202442161,0.06563062027218829,0.05600676818950928,0.027415192355116857,0.007686971197503029
246,SE-Hurdle-T5,0.06252517927644832,0.09475465313028765,0.07445008460236886,0.05922165820642978,0.07124557770420373,0.060300509812291334,0.014558507783663861,0.054473470274994086,0.058206429780033875,0.022328599469584265,0.008550289923785072
246,Hurdle-AR(5)-S-P,0.09274031101442269,0.05922165820642978,0.0727580372250423,0.18612521150592218,0.19470466121797808,0.19962876459419074,0.02575360299015953,0.06999960782442483,0.06252115059221658,0.02765621366640486,0.0050128438649639576
247,SE-Hurdle-S,0.06413665296914026,0.06598984771573604,0.038917089678511,0.047377326565143825,0.04043734104246044,0.05294699136957936,0.02647024286074615,0.06113750770585312,0.047123519458544816,0.028808671358372118,0.009784289659316776
247,SE-Hurdle-T5,0.06816533720087019,0.07106598984771574,0.050761421319796954,0.043993231810490696,0.1327988287728588,0.11477606210307628,0.02360263754663749,0.05124818813505333,0.05499153976311344,0.03987310595433535,0.004808538903126526
247,Hurdle-AR(5)-S-P,0.10748529530255418,0.08460236886632826,0.06429780033840947,0.17766497461928935,0.23281240966006356,0.23283137069421092,0.03537876205518202,0.054084818076228794,0.05719120135363798,0.045064683670418104,0.004600785398511435
248,SE-Hurdle-S,0.06373378454596729,0.06091370558375635,0.04230118443316413,0.030456852791878174,0.04168271753564598,0.05487567473347903,0.020038992476743928,0.06760288108514775,0.06175972927241957,0.015542337722269706,0.00523202272082033
248,SE-Hurdle-T5,0.07267746354040772,0.0829103214890017,0.07614213197969544,0.043993231810490696,0.08519278231379997,0.06362034884017075,0.020612275673046056,0.05851641789380703,0.05456852791878175,0.034145452997179415,0.010023605375632759
248,Hurdle-AR(5)-S-P,0.09483522681492226,0.05414551607445008,0.06598984771573604,0.15736040609137056,0.10265834816579143,0.19310933126790575,0.02754602769036199,0.04603145266409844,0.06446700507614211,0.011645589727046435,0.007818401456553443
249,SE-Hurdle-S,0.07001853194746596,0.09137055837563451,0.03722504230118443,0.03722504230118443,0.026893836672108068,0.05138782375355835,0.020722433146898988,0.06719695118919201,0.055245346869712386,0.029325297310614784,0.008978230193686626
249,SE-Hurdle-T5,0.06059141084521795,0.04230118443316413,0.04060913705583756,0.02707275803722504,0.0553655467487498,0.05605341349603801,0.01851934278539418,0.06197365761724114,0.04923857868020304,0.016810840799979465,0.0019883302597808045
249,Hurdle-AR(5)-S-P,0.08178228990411733,0.05245346869712352,0.038917089678511,0.16074450084602368,0.22172896498024336,0.22722007203192907,0.028015196394924065,0.051752985126619626,0.057191201353637866,0.025660157334020717,0.0018404268154530098
250,SE-Hurdle-S,0.06115542663766014,0.047377326565143825,0.06091370558375635,0.030456852791878174,0.03570166429698432,0.04462737959928847,0.021929070374019723,0.05066893428510319,0.052538071065989844,0.012875543130358102,0.008597876497810422
250,SE-Hurdle-T5,0.062444605591813716,0.06429780033840947,0.05245346869712352,0.03553299492385787,0.04911263184415299,0.08072853429400684,0.023138208059840685,0.06273486011390848,0.050169204737732676,0.021484739957172705,0.002717081351898659
250,Hurdle-AR(5)-S-P,0.10821045846426557,0.09137055837563451,0.06598984771573604,0.18781725888324874,0.11741245148418582,0.18843324286633004,0.034834805835664444,0.05392455982825911,0.06201353637901863,0.03443667288733204,0.003342891575090455
251,SE-Hurdle-S,0.06502296350012085,0.06091370558375635,0.050761421319796954,0.043993231810490696,0.010362544085035702,0.04432031686103636,0.023168650620410732,0.0508885495652009,0.06243654822335026,0.012599410642993414,0.0064908604509476
251,SE-Hurdle-T5,0.0682459108855048,0.08798646362098139,0.049069373942470386,0.047377326565143825,0.09571898543967032,0.09125008521278957,0.024337318862363972,0.08311608922064889,0.05465313028764801,0.04008515422767944,0.0077110082071376596
251,Hurdle-AR(5)-S-P,0.1025703005398437,0.0727580372250423,0.06091370558375635,0.1895093062605753,0.21944862939297513,0.1696912020218781,0.03407915402078006,0.05059700671599499,0.05642978003384097,0.026008250952739342,0.005022949489153161
252,SE-Hurdle-S,0.05914108452179519,0.0829103214890017,0.04230118443316413,0.05922165820642978,0.030357017345786524,0.046470478400265226,0.016110551785420483,0.07423719284321526,0.055837563451776595,0.013938716623907554,0.011602272696820917
252,SE-Hurdle-T5,0.06244460559181373,0.047377326565143825,0.05245346869712352,0.05922165820642978,0.11803470679206157,0.08256717798082037,0.01985778915794615,0.06560934522037269,0.060913705583756306,0.030022813593127584,0.007583132493615953
252,Hurdle-AR(5)-S-P,0.10208685843203609,0.07952622673434856,0.06598984771573604,0.18274111675126903,0.14413547438654206,0.2061187214849009,0.02430249030860727,0.05816677247954713,0.061928934010152314,0.04542203632911268,0.005243332400867294
253,SE-Hurdle-S,0.06647328982354361,0.07445008460236886,0.05922165820642978,0.05414551607445008,0.051022172827821205,0.047806915691041396,0.02302065052210315,0.08613538571683768,0.059898477157360464,0.013945984778954201,0.01011833080607747
253,SE-Hurdle-T5,0.06397550559987109,0.0676818950930626,0.049069373942470386,0.047377326565143825,0.10131312366030877,0.08564782631019908,0.015806409076857392,0.07777722166472607,0.057698815566835815,0.03617394994153722,0.005765246091574645
253,Hurdle-AR(5)-S-P,0.09008137942148095,0.05414551607445008,0.038917089678511,0.17089678510998307,0.11921791078404845,0.20047782410674755,0.02212814339170094,0.05385005232573237,0.05719120135363792,0.025354214713148915,0.0004475074460133857
254,SE-Hurdle-S,0.06534525823865926,0.07952622673434856,0.06260575296108291,0.0676818950930626,0.05116815105963066,0.03442083163580085,0.017788006312036125,0.06207057709265461,0.0565989847715736,0.014069538438439388,0.004385616713357736
254,SE-Hurdle-T5,0.061800016114736914,0.08798646362098139,0.049069373942470386,0.021996615905245348,0.09867318606377208,0.07206651678617268,0.02441653918428393,0.06753352988292745,0.054991539763113384,0.03459031808155727,0.012246181599197263
254,Hurdle-AR(5)-S-P,0.10015309000080572,0.08121827411167512,0.0676818950930626,0.18781725888324874,0.1653283141886438,0.16526264142686786,0.030207490393728158,0.06844062787372321,0.05736040609137061,0.028832430112389007,0.004248590820740271
255,SE-Hurdle-S,0.06937394247038918,0.06937394247038917,0.050761421319796954,0.05245346869712352,0.04494658325379869,0.06128622377077355,0.01674996465641428,0.06907945572468994,0.053722504230118484,0.0330334157861597,0.009058633039694307
255,SE-Hurdle-T5,0.06679558456208201,0.06260575296108291,0.06260575296108291,0.030456852791878174,0.05281601758893076,0.07258005214431221,0.02234198700881465,0.06244095275325361,0.05837563451776645,0.029124940032345448,0.0089044403557735
255,Hurdle-AR(5)-S-P,0.09926677946982514,0.0676818950930626,0.06260575296108291,0.18612521150592218,0.1748370212439485,0.20256765518227732,0.0275372224250196,0.08113595873200481,0.05795262267343482,0.041748883391260316,0.0051578353673849275
256,SE-Hurdle-S,0.06856820562404319,0.050761421319796954,0.04568527918781726,0.038917089678511,0.07029464407583821,0.06401541126493082,0.020086012046254837,0.07142060874941045,0.06269035532994921,0.011812341695374096,0.010097334223641875
256,SE-Hurdle-T5,0.06711787930062041,0.05583756345177665,0.047377326565143825,0.038917089678511,0.050807959775345246,0.0768694801359345,0.022790160076392767,0.06470726816688917,0.058883248730964455,0.03205472976668183,0.009013922964594516
256,Hurdle-AR(5)-S-P,0.10861332688743856,0.09137055837563451,0.09983079526226735,0.1844331641285956,0.20386760400783885,0.21751841410722336,0.03354365827955787,0.0497422019463289,0.05947546531302872,0.03485611275072126,0.007620781107794634
257,SE-Hurdle-S,0.07146885827088871,0.050761421319796954,0.043993231810490696,0.049069373942470386,0.05014317775577792,0.0582657519889818,0.02361466485090992,0.05600990405287317,0.05499153976311333,0.030506010253092408,0.0076899902002250525
257,SE-Hurdle-T5,0.06607042140037063,0.06091370558375635,0.043993231810490696,0.032148900169204735,0.016912127526206244,0.05166946780291682,0.018814916460495854,0.046357837145038557,0.055752961082910335,0.0207815805023035,0.010167162471224199
257,Hurdle-AR(5)-S-P,0.09572153734590284,0.07952622673434856,0.04060913705583756,0.18104906937394247,0.17332326638821205,0.2251082899713565,0.026429412093385757,0.03785377166341612,0.057021996615905235,0.05302024462954724,0.0007695526417949641
258,SE-Hurdle-S,0.06905164773185078,0.06598984771573604,0.04568527918781726,0.038917089678511,0.005143151182814554,0.04232376079040914,0.018650870971824992,0.05637362439515717,0.05456852791878175,0.0347140074574967,0.009213685617155729
258,SE-Hurdle-T5,0.07163000564015791,0.05245346869712352,0.032148900169204735,0.03722504230118443,0.06821978053409736,0.08259072584197615,0.019975687793628648,0.05554907361886732,0.05194585448392558,0.03725457421265249,0.007226573340847718
258,Hurdle-AR(5)-S-P,0.09926677946982514,0.06598984771573604,0.05922165820642978,0.1844331641285956,0.1632625467991927,0.1810534310371375,0.027606453630377833,0.04745401766710542,0.05752961082910324,0.028608529647869974,0.005604842226491373
259,SE-Hurdle-S,0.06985738457819675,0.0676818950930626,0.05414551607445008,0.03722504230118443,0.03231761835064201,0.03864131275427628,0.019519092557057256,0.06367535208786435,0.05744500846023687,0.015953397980013995,0.0015334768526104464
259,SE-Hurdle-T5,0.06470066876158247,0.05583756345177665,0.04230118443316413,0.049069373942470386,0.0894937835028018,0.07221616725873307,0.024071890351282557,0.07465942026528413,0.05016920473773262,0.023251977768685594,0.002035904398232015
259,Hurdle-AR(5)-S-P,0.1107888163725727,0.07106598984771574,0.08121827411167512,0.19120135363790186,0.16392602129696304,0.19699184878337092,0.03462459182422767,0.06343176728976187,0.06514382402707275,0.01903931385348162,0.00939892263630352
260,SE-Hurdle-S,0.06703730561598582,0.04568527918781726,0.04060913705583756,0.0338409475465313,0.00905920884917144,0.03717985330037594,0.021462475812491794,0.052646248437961986,0.056260575296108284,0.00571483669866768,0.0009043315484776951
260,SE-Hurdle-T5,0.06196116348400612,0.06260575296108291,0.04230118443316413,0.032148900169204735,0.06921779346384921,0.05091843851363875,0.023953543704864085,0.07916992156816158,0.05744500846023687,0.015574092782443927,0.0028392732132823534
260,Hurdle-AR(5)-S-P,0.10772701635645798,0.09137055837563451,0.04060913705583756,0.16074450084602368,0.1620391869454787,0.19483600820869934,0.03187495919832157,0.06263416108627909,0.05829103214890019,0.04470886540551344,0.004125184758829739
261,SE-Hurdle-S,0.07308033196358069,0.07106598984771574,0.049069373942470386,0.047377326565143825,0.020355516433992193,0.04804987755377092,0.023224359359585035,0.07076422840479177,0.05109983079526226,0.02121462485874176,0.0008826416085610939
261,SE-Hurdle-T5,0.06397550559987109,0.03722504230118443,0.043993231810490696,0.04230118443316413,0.04295817708630978,0.056453940842579826,0.022352199338182305,0.07425928606885679,0.05693739424703892,0.008252061585159565,0.0038108362985358815
261,Hurdle-AR(5)-S-P,0.09789702683103699,0.06937394247038917,0.06091370558375635,0.155668358714044,0.18242365000528887,0.2126291569103306,0.025071053227643646,0.056939996751330955,0.06108291032148905,0.0439748797561349,0.0010964581480505733
262,SE-Hurdle-S,0.06486181613085165,0.07445008460236886,0.06429780033840947,0.030456852791878174,0.030293359465142528,0.04211851938977284,0.01953614773845297,0.0693301631470076,0.0626057529610829,0.024153813543140057,0.009664492570004811
262,SE-Hurdle-T5,0.061236000322294745,0.05922165820642978,0.04568527918781726,0.047377326565143825,0.05018099808235388,0.06884664273508836,0.019940621204041557,0.03660673099571692,0.05719120135363792,0.02890069712839277,0.01277698292188749
262,Hurdle-AR(5)-S-P,0.08919506889050036,0.06429780033840947,0.05752961082910321,0.1658206429780034,0.16759061920252444,0.1880956023040284,0.025058134388405123,0.06635872785059252,0.053976311336717375,0.032674108755833986,0.0020083343509746665
263,SE-Hurdle-S,0.058577068729353,0.06429780033840947,0.05583756345177665,0.028764805414551606,0.060175879653551895,0.055094349148770934,0.017341329029612565,0.07557858259530711,0.05372250423011843,0.020783485533141022,0.00890149389659877
263,SE-Hurdle-T5,0.06784304246233182,0.05583756345177665,0.050761421319796954,0.02030456852791878,0.02801671581886958,0.04841649541482977,0.023183423682472535,0.06007158900138544,0.05016920473773273,0.01717444972618587,0.004542778013929917
263,Hurdle-AR(5)-S-P,0.09886391104665217,0.08121827411167512,0.038917089678511,0.19120135363790186,0.17242287643361565,0.21856262454828124,0.028948819455363723,0.05602463852045881,0.05989847715736041,0.042902206953836286,0.0027049949814214325
264,SE-Hurdle-S,0.07187172669406172,0.07445008460236886,0.06598984771573604,0.07106598984771574,0.028670359197203232,0.06241643452247866,0.018641058642384578,0.06501366363801271,0.05439932318104912,0.02876236750282346,0.005028895320642435
264,SE-Hurdle-T5,0.05809362662154541,0.0727580372250423,0.05414551607445008,0.030456852791878174,0.006099344632982062,0.04841296692469955,0.018446037438127682,0.06881561105159024,0.05761421319796961,2.5712236370045716e-05,0.006112378425253362
264,Hurdle-AR(5)-S-P,0.11127225848038032,0.09983079526226735,0.05752961082910321,0.19458544839255498,0.19025554450661966,0.1767101173788153,0.030252823926910945,0.059491404055936094,0.060236886632825726,0.03691953261338665,0.0003829323463798509
265,SE-Hurdle-S,0.06816533720087019,0.043993231810490696,0.043993231810490696,0.025380710659898477,0.04831477423101277,0.06302897733208998,0.021604564334925448,0.048932662846908,0.05473773265651438,0.031772593760624857,0.011343681207882358
265,SE-Hurdle-T5,0.06719845298525501,0.08798646362098139,0.047377326565143825,0.032148900169204735,0.09137194836381635,0.09436385626714928,0.021773161210468215,0.06979024109347191,0.05050761421319794,0.042907843318198635,0.007656286669920513
265,Hurdle-AR(5)-S-P,0.10160341632422851,0.07445008460236886,0.049069373942470386,0.16412859560067683,0.12572280261381996,0.17262019288956595,0.02867528939638496,0.086665135174762,0.06032148900169204,0.044137923095113385,0.006074246192083972
266,SE-Hurdle-S,0.05922165820642977,0.0676818950930626,0.06091370558375635,0.04230118443316413,0.017778472530631334,0.043180635917601885,0.021403858674426093,0.05968560754856854,0.055922165820642966,0.0041229281333403645,0.00013205716765225112
266,SE-Hurdle-T5,0.08830875835951978,0.1218274111675127,0.05922165820642978,0.0829103214890017,0.07328596868485027,0.09029540939862742,0.02751840680081742,0.0635154299573393,0.05905245346869714,0.04715820162264528,0.005977690685438138
266,Hurdle-AR(5)-S-P,0.11594553218918699,0.07952622673434856,0.05752961082910321,0.19796954314720813,0.12932144444932808,0.16816404576341737,0.03595935102485847,0.05004416177844395,0.060236886632825726,0.03108451304959614,0.006206611635365213
267,SE-Hurdle-S,0.06526468455402466,0.047377326565143825,0.047377326565143825,0.05414551607445008,0.036594394110105455,0.04174461522695173,0.016795959567738362,0.08037435695313143,0.06429780033840954,0.005939571108325992,0.007873211327950082
267,SE-Hurdle-T5,0.06993795826283136,0.08967851099830795,0.06429780033840947,0.06091370558375635,0.02103603505599308,0.07253444309299328,0.01917195064630685,0.03880860974168921,0.0522842639593909,0.02254358786387134,0.002172071514158172
267,Hurdle-AR(5)-S-P,0.10853275320280395,0.09983079526226735,0.09306260575296109,0.2233502538071066,0.14599320098077476,0.19298708026032224,0.03346503375260888,0.05304739641482132,0.061505922165820626,0.04649171996293233,0.0006191531762492278
268,SE-Hurdle-S,0.07106598984771574,0.05922165820642978,0.04230118443316413,0.05245346869712352,0.015124624746011062,0.05458085741829445,0.02192890917076239,0.05803780761417701,0.056937394247038975,0.029835248848398555,0.004643360820990351
268,SE-Hurdle-T5,0.06147772137619854,0.07952622673434856,0.03553299492385787,0.023688663282571912,0.05001514195458448,0.042598257590150054,0.023185721133953906,0.06993344325709494,0.05126903553299489,0.023155541380010913,0.0015298382955929793
268,Hurdle-AR(5)-S-P,0.10482636370961246,0.07106598984771574,0.06937394247038917,0.19796954314720813,0.1671471500563108,0.21558867350911204,0.037338921138509826,0.03725359802154766,0.06192893401015226,0.02487358835104808,0.004872614314029425
269,SE-Hurdle-S,0.06486181613085165,0.05583756345177665,0.028764805414551606,0.04230118443316413,0.014177680663162218,0.05020352313679201,0.01726842706391288,0.07778949558384758,0.057783417935702186,0.020578783207092,0.009463468953630642
269,SE-Hurdle-T5,0.06727902666988961,0.050761421319796954,0.05583756345177665,0.05922165820642978,0.020656445810727342,0.05480710139714745,0.020396108178453137,0.062342402197749065,0.06480541455160743,0.0012611389090445568,0.005035990577094515
269,Hurdle-AR(5)-S-P,0.10764644267182338,0.07952622673434856,0.077834179357022,0.1844331641285956,0.17688976836478168,0.22119897849721737,0.03313327898906675,0.06783212923978645,0.05922165820642977,0.03770908313136939,0.006604374202935956
270,SE-Hurdle-S,0.06937394247038917,0.049069373942470386,0.04568527918781726,0.04060913705583756,0.03418668396615793,0.05919401779578179,0.016101089874123137,0.05622572716162898,0.04974619289340099,0.025580294046227026,0.005395369707815095
270,SE-Hurdle-T5,0.05914108452179517,0.08460236886632826,0.04060913705583756,0.05583756345177665,0.07292613432079442,0.07894692177717791,0.02406028236956434,0.0662855723616108,0.054653130287648066,0.020230216609341045,0.003123394798386192
270,Hurdle-AR(5)-S-P,0.11795987430505199,0.09813874788494077,0.0829103214890017,0.22165820642978004,0.24924202865383838,0.25144528620333806,0.03674769266797798,0.06443087979290957,0.06582064297800339,0.03705335417950084,0.0009194212785908207
271,SE-Hurdle-S,0.06083313189912174,0.049069373942470386,0.047377326565143825,0.04568527918781726,0.01755509561599064,0.04177279418697703,0.018076839689174798,0.07512929401556692,0.06116751269035536,0.013066736477814478,0.006950522353630778
271,SE-Hurdle-T5,0.06574812666183225,0.09306260575296109,0.0676818950930626,0.021996615905245348,0.0351975792461815,0.06699736492757671,0.022456510249179225,0.08209709407001575,0.058291032148900135,0.04079754082840065,0.010325854687244805
271,Hurdle-AR(5)-S-P,0.09265973732978809,0.0727580372250423,0.04230118443316413,0.16074450084602368,0.22889597521695526,0.23311335314718595,0.02922148692382095,0.06806923518053812,0.052707275803722475,0.0494550653681714,0.005864008835047285
272,SE-Hurdle-S,0.06864877930867778,0.06091370558375635,0.043993231810490696,0.025380710659898477,0.04607612063615388,0.051488552496276804,0.023333565559721024,0.05748980836041561,0.05727580372250424,0.02226358779426313,0.006800177588435916
272,SE-Hurdle-T5,0.06518411086939005,0.06937394247038917,0.05752961082910321,0.030456852791878174,0.027987437178279034,0.05231485155119585,0.015697455402377557,0.052640434692159906,0.05076142131979694,0.029942977895559664,0.009726384205622912
272,Hurdle-AR(5)-S-P,0.09821932156957537,0.07952622673434856,0.04230118443316413,0.17428087986463622,0.1981515526250098,0.23187379930970145,0.031389095266693895,0.06312579573132758,0.0578680203045685,0.04942497647302341,0.007139960521309732
273,SE-Hurdle-S,0.06631214245427441,0.03553299492385787,0.050761421319796954,0.0338409475465313,0.03551835865462419,0.047905772035844965,0.023493288222029278,0.04592188578929502,0.05829103214890019,0.00786198014835593,0.0057986906766749405
273,SE-Hurdle-T5,0.06953508983965838,0.09475465313028765,0.05922165820642978,0.04230118443316413,0.11305026076010992,0.0965372893355218,0.021252581914747545,0.06663457717622005,0.05558375634517776,0.04925414142727441,0.006452400351319991
273,Hurdle-AR(5)-S-P,0.12086052695189752,0.10490693739424704,0.077834179357022,0.2182741116751269,0.16512261863423625,0.21275137398693753,0.03809466375439045,0.07492713363308275,0.060575296108291043,0.028884023964506733,0.001379906700435772
274,SE-Hurdle-S,0.0717911530094271,0.08121827411167512,0.07106598984771574,0.043993231810490696,0.0540030879744956,0.06009563287725186,0.019600384021867232,0.058141718969055366,0.05600676818950934,0.03758669810720866,0.008209023428081857
274,SE-Hurdle-T5,0.06655386350817823,0.09306260575296109,0.06598984771573604,0.038917089678511,0.08361163192819884,0.06554752016021725,0.016950459897255955,0.06250323959896592,0.05659898477157366,0.018970372052396933,0.0020420339650188274
274,Hurdle-AR(5)-S-P,0.0916928531141729,0.049069373942470386,0.05922165820642978,0.17258883248730963,0.132801647041433,0.19269692097338184,0.026508022458964536,0.05185860899038745,0.06167512690355331,0.028452226146210624,0.005236063567731611
275,SE-Hurdle-S,0.067601321408428,0.06598984771573604,0.047377326565143825,0.043993231810490696,0.012610644179368025,0.05307271722534328,0.02292967429739183,0.06702003011960764,0.06057529610829099,0.017735222145034757,0.004784623952731687
275,SE-Hurdle-T5,0.07203287406333092,0.05583756345177665,0.04230118443316413,0.050761421319796954,0.0630822685145242,0.0665429141059567,0.01807968167816794,0.06171303487062922,0.05879864636209814,0.03664967401726804,0.007648897005486592
275,Hurdle-AR(5)-S-P,0.09411006365321087,0.07106598984771574,0.04060913705583756,0.1844331641285956,0.20363372025831236,0.21729457090254717,0.02493436316034823,0.055301987969168534,0.053299492385786795,0.05875896104841416,0.00475998059515538
276,SE-Hurdle-S,0.07050197405527354,0.06937394247038917,0.049069373942470386,0.030456852791878174,0.060563787893825966,0.05489432393608851,0.01914625728455109,0.0821760505232147,0.05042301184433162,0.00899149145966005,0.0003776647395020427
276,SE-Hurdle-T5,0.06752074772379342,0.07106598984771574,0.03722504230118443,0.04568527918781726,0.10106487497807583,0.08045809389177942,0.01877707500026263,0.047381651388004306,0.05541455160744502,0.031069276342719387,0.008254372017769782
276,Hurdle-AR(5)-S-P,0.09725243735396019,0.05922165820642978,0.03553299492385787,0.155668358714044,0.13416162801798434,0.17681192662594408,0.02643338326486815,0.04386648970457753,0.057783417935702186,0.033356514533752546,0.0004978111414127434
277,SE-Hurdle-S,0.07090484247844654,0.09306260575296109,0.05414551607445008,0.0676818950930626,0.012378749168534153,0.04381578275071909,0.017917817795283203,0.06083832990244609,0.05456852791878175,0.03935926183346372,0.009887027856803968
277,SE-Hurdle-T5,0.06445894770767865,0.06937394247038917,0.049069373942470386,0.025380710659898477,0.016234889075027903,0.10024527850332932,0.018904210041160913,0.03990548655044492,0.055160744500846015,0.03236317972394187,0.009869980374886553
277,Hurdle-AR(5)-S-P,0.10998307952622674,0.08121827411167512,0.05583756345177665,0.18274111675126903,0.15915343156907696,0.17194077685054437,0.03496133975725648,0.06340095806090658,0.0578680203045685,0.03219755302759808,0.0016528896075058905
278,SE-Hurdle-S,0.06784304246233179,0.06091370558375635,0.049069373942470386,0.0338409475465313,0.04438101218410556,0.06456305552297947,0.023508435859053354,0.07076753576811765,0.054906937394247124,0.029454718807799707,0.007225967927681633
278,SE-Hurdle-T5,0.06502296350012086,0.05922165820642978,0.03722504230118443,0.04230118443316413,0.047550978869405264,0.052645214842376616,0.014927816529602119,0.05489459913665487,0.05829103214890019,0.019091673896727945,0.0009574165108756708
278,Hurdle-AR(5)-S-P,0.09298203206832649,0.07614213197969544,0.09644670050761421,0.17258883248730963,0.19246795697640479,0.20679422151923466,0.022663532171292952,0.06000362249560971,0.06133671742808794,0.04746126574371573,0.0053990000583289885
279,SE-Hurdle-S,0.0685682056240432,0.047377326565143825,0.04568527918781726,0.047377326565143825,0.013578877151330965,0.057930828380731304,0.022319742912179665,0.06529937126444048,0.06878172588832493,0.0120146722145818,0.005785689397848327
279,SE-Hurdle-T5,0.06598984771573606,0.07445008460236886,0.04568527918781726,0.06091370558375635,0.04561537749085298,0.0665408552771776,0.02077671630182125,0.042210033585692856,0.0565989847715736,0.028719543901470468,0.004291155154072697
279,Hurdle-AR(5)-S-P,0.09467407944565306,0.049069373942470386,0.05245346869712352,0.19627749576988154,0.17238260557977664,0.21568227786200198,0.02811131439371278,0.060858985421838964,0.06116751269035536,0.031079613659402427,0.005287132113842824
280,SE-Hurdle-S,0.06929336878575457,0.08121827411167512,0.043993231810490696,0.06091370558375635,0.016899839979228615,0.03807634351633875,0.018223965066478925,0.07605671539943845,0.055329949238578646,0.01029052651779766,0.0032473308795441316
280,SE-Hurdle-T5,0.0635726371766981,0.05245346869712352,0.06598984771573604,0.047377326565143825,0.11228449491477567,0.11588068113586829,0.018268369337306016,0.05804360866820119,0.05558375634517765,0.018760720520809404,0.006876944474947862
280,Hurdle-AR(5)-S-P,0.08983965836757715,0.0727580372250423,0.043993231810490696,0.1658206429780034,0.1569605710799044,0.16581878204115091,0.024346676693981353,0.05990625808799296,0.056260575296108284,0.039523573870251794,0.00013253704835478053
281,SE-Hurdle-S,0.06607042140037064,0.047377326565143825,0.049069373942470386,0.032148900169204735,0.0408131770736086,0.04414222393891864,0.01643255077266046,0.055800899553450536,0.05448392554991538,0.01784952036103371,0.006526653503440699
281,SE-Hurdle-T5,0.06655386350817821,0.10152284263959391,0.047377326565143825,0.05583756345177665,0.08812776807643931,0.08145760652329648,0.018256245176927144,0.04520256445365752,0.05752961082910324,0.03468948011389256,0.008681992318903008
281,Hurdle-AR(5)-S-P,0.10796873741036177,0.0727580372250423,0.05752961082910321,0.1844331641285956,0.1737364713435011,0.2203822616030555,0.03209860153480124,0.07011211215092615,0.05846023688663282,0.03430324607648144,0.00547360059732644
282,SE-Hurdle-S,0.06453952139231327,0.05414551607445008,0.05414551607445008,0.04230118443316413,0.009171799588994223,0.03979521892895841,0.022015710904432217,0.07781077477580087,0.05617597292724197,0.01023011497439491,0.004628398727202852
282,SE-Hurdle-T5,0.07219402143260012,0.07445008460236886,0.07106598984771574,0.04568527918781726,0.07702409589890324,0.07920537217465835,0.024739242808727784,0.07522900249012555,0.04788494077834182,0.03029760549171634,0.004062635277108706
282,Hurdle-AR(5)-S-P,0.0978164531464024,0.0829103214890017,0.047377326565143825,0.20304568527918782,0.2878890162323345,0.24218363423361908,0.028560567645535016,0.05103708725428068,0.05972927241962778,0.040821631881266474,0.00023638123312086368
283,SE-Hurdle-S,0.0675207477237934,0.06598984771573604,0.050761421319796954,0.047377326565143825,0.06385403243944851,0.04227228385390543,0.016229053156823516,0.05517049858139243,0.05676818950930629,0.01668397303479302,0.0028912071281396237
283,SE-Hurdle-T5,0.06598984771573603,0.0727580372250423,0.047377326565143825,0.04060913705583756,0.033950713440914354,0.06414780974734528,0.018885963442774382,0.05597546152411047,0.05626057529610834,0.025404836181732726,0.009892919962261763
283,Hurdle-AR(5)-S-P,0.10208685843203609,0.05752961082910321,0.06091370558375635,0.19289340101522842,0.19138403864319056,0.19594506708812984,0.031312822894093637,0.05353127240505306,0.05888324873096451,0.03865014320148569,0.005191701125322204
284,SE-Hurdle-S,0.06236403190717911,0.06091370558375635,0.06091370558375635,0.04230118443316413,0.009889123345492717,0.040812736191700685,0.021984257196909888,0.06561312143520995,0.05617597292724197,0.013272042424947728,0.005243332108560345
284,SE-Hurdle-T5,0.06695673193135121,0.09137055837563451,0.038917089678511,0.0338409475465313,0.03131891081722196,0.0864171736275102,0.02349767317344737,0.04739180667747392,0.05177664974619289,0.03810472282498789,0.010030609394757216
284,Hurdle-AR(5)-S-P,0.11127225848038032,0.08121827411167512,0.049069373942470386,0.18612521150592218,0.19834780804202706,0.21711707577356282,0.028290050926472233,0.06326629735008998,0.06285956006768195,0.029847238455787628,0.00244010217770696
285,SE-Hurdle-S,0.0677624687776972,0.07445008460236886,0.049069373942470386,0.043993231810490696,0.01764788878057097,0.0529456476075994,0.01989869909612582,0.0705837859112198,0.05346869712351954,0.01633065539051115,0.0027175641260394276
285,SE-Hurdle-T5,0.0731609056482153,0.0727580372250423,0.038917089678511,0.0338409475465313,0.016541127212238632,0.045389158512431714,0.019332631913487882,0.05522690122284749,0.05575296108291039,0.02044086089714775,0.0003393974371059816
285,Hurdle-AR(5)-S-P,0.09088711626782692,0.05922165820642978,0.04568527918781726,0.17597292724196278,0.13225881005978718,0.18858354403958907,0.028409039270215455,0.04778367018379756,0.057445008460236924,0.050546435592593364,0.007913111104753574
286,SE-Hurdle-S,0.06824591088550479,0.04568527918781726,0.047377326565143825,0.038917089678511,0.022972725877270755,0.04357790559154906,0.027519439399761335,0.06254006820932734,0.05262267343485627,0.026883707000058932,0.006684158643165877
286,SE-Hurdle-T5,0.061236000322294745,0.08460236886632826,0.06260575296108291,0.030456852791878174,0.02018469518695387,0.05910591671269829,0.020459018344329914,0.0677016033595539,0.05600676818950928,0.018341769331719826,0.006852026079058625
286,Hurdle-AR(5)-S-P,0.09620497945371043,0.06091370558375635,0.06091370558375635,0.1793570219966159,0.12736675576055834,0.18778622527433797,0.029609134760348026,0.06284873896189017,0.05837563451776656,0.04199027227168206,0.005787320267821187
287,SE-Hurdle-S,0.07098541616308114,0.08121827411167512,0.06260575296108291,0.05245346869712352,0.0238263823597524,0.054823067967885525,0.017940874732202818,0.06874331893002043,0.051269035532995,0.05003416560094592,0.010526282806689616
287,SE-Hurdle-T5,0.07267746354040769,0.09813874788494077,0.08121827411167512,0.04060913705583756,0.10706242520351181,0.09142990629325642,0.02238608232590151,0.07329183062564758,0.054483925549915435,0.04178190174751095,0.010371306745075491
287,Hurdle-AR(5)-S-P,0.10297316896301668,0.0727580372250423,0.06598984771573604,0.19120135363790186,0.19303939717652666,0.2024179229865867,0.03376459421707183,0.07040926692160082,0.06006768189509304,0.03900638683152435,0.004470779238790447
288,SE-Hurdle-S,0.07154943195552332,0.07445008460236886,0.03722504230118443,0.05245346869712352,0.07981744892392786,0.06556687140235563,0.021543967099039985,0.05598538881731072,0.058629441624365564,0.029071020576622197,0.007839935314813272
288,SE-Hurdle-T5,0.06623156876963983,0.09137055837563451,0.05922165820642978,0.03553299492385787,0.014031400144564554,0.04957480292377519,0.022110356613741222,0.08118680059074064,0.05685279187817255,0.0257628878895918,0.007104985988192723
288,Hurdle-AR(5)-S-P,0.09048424784465393,0.05583756345177665,0.06091370558375635,0.12351945854483926,0.1341816834190258,0.1750545884905794,0.025063777094770597,0.06637470711460391,0.05862944162436551,0.035585255354617706,0.005766139723360701
289,SE-Hurdle-S,0.06703730561598581,0.06937394247038917,0.047377326565143825,0.038917089678511,0.06361453650743132,0.05578826769307065,0.0201463274300589,0.09332434704886536,0.05727580372250424,0.02887613962149438,0.012361634975049156
289,SE-Hurdle-T5,0.06776246877769718,0.050761421319796954,0.06598984771573604,0.05245346869712352,0.108022969045759,0.0856793112904782,0.024818087832782644,0.0549532007888816,0.05516074450084607,0.021620056781968267,0.007338124242809149
289,Hurdle-AR(5)-S-P,0.10788816372572718,0.09475465313028765,0.06937394247038917,0.20304568527918782,0.197930593857007,0.2139950313075657,0.033056039865412064,0.06232094488031285,0.061590524534687,0.028894226527722444,0.0004530814000676883
290,SE-Hurdle-S,0.06220288453790992,0.08798646362098139,0.043993231810490696,0.05583756345177665,0.04866010628678849,0.07393809232274581,0.01604593664130152,0.06764975662556323,0.057783417935702186,0.013492049114952165,0.006425989385394376
290,SE-Hurdle-T5,0.06792361614696642,0.047377326565143825,0.038917089678511,0.05414551607445008,0.05277377376401632,0.06747579467949434,0.025207674393338576,0.05577926673302525,0.058714043993231824,0.01830535132720401,0.004568942297471068
290,Hurdle-AR(5)-S-P,0.10120054790105551,0.07614213197969544,0.050761421319796954,0.20135363790186125,0.12736411479539927,0.20847900417591736,0.02879871813743688,0.06146473710526608,0.05930626057529609,0.05896906179658645,0.008628363692836705
291,SE-Hurdle-S,0.06389493191523649,0.07106598984771574,0.03722504230118443,0.025380710659898477,0.009251869130671303,0.06585192945074798,0.017587777778820066,0.062027875237551856,0.054991539763113384,0.03552231420011537,0.01065595553057673
291,SE-Hurdle-T5,0.06929336878575458,0.08460236886632826,0.04230118443316413,0.02707275803722504,0.03957114009345278,0.05855496435118219,0.02164920201873589,0.058183466441369715,0.056852791878172604,0.032888095899974545,0.0017299552479735428
291,Hurdle-AR(5)-S-P,0.10708242687938119,0.077834179357022,0.06091370558375635,0.20642978003384094,0.17010624138130845,0.19412843230985644,0.033631817384610956,0.061168878530895594,0.06099830795262268,0.04061998590834304,0.001907188758087111
292,SE-Hurdle-S,0.06260575296108291,0.0676818950930626,0.05752961082910321,0.030456852791878174,0.032515085655270504,0.07090673036855184,0.01748734883410703,0.050099072747215326,0.05473773265651438,0.008388944429928546,0.007763821594701771
292,SE-Hurdle-T5,0.06615099508500524,0.04568527918781726,0.03553299492385787,0.047377326565143825,0.026985653438943796,0.043138755849275824,0.026797084718220027,0.056448844361523635,0.058375634517766506,0.013682948139749851,0.004707130756176903
292,Hurdle-AR(5)-S-P,0.10659898477157362,0.07445008460236886,0.07445008460236886,0.19289340101522842,0.11485720992528684,0.1482064371145369,0.02886018551066176,0.06689424579307827,0.06099830795262273,0.030206556127971407,0.0020878062703311648
293,SE-Hurdle-S,0.07428893723309968,0.06091370558375635,0.0338409475465313,0.038917089678511,0.029875318562431835,0.054374021329119275,0.01936219046654242,0.06508058348248712,0.05287648054145516,0.02815419266390118,0.0010053509706284894
293,SE-Hurdle-T5,0.06905164773185077,0.05414551607445008,0.05583756345177665,0.030456852791878174,0.09854352993153147,0.07520982792323026,0.01721364737852478,0.04633384555082045,0.05355329949238585,0.02474266626349858,0.0010183799452753647
293,Hurdle-AR(5)-S-P,0.09636612682297961,0.05752961082910321,0.05583756345177665,0.14213197969543148,0.11906023395389762,0.24003859251288975,0.023788270482564888,0.05837733716122706,0.060829103214890046,0.01856524489798217,0.006532386022975595
294,SE-Hurdle-S,0.06574812666183225,0.06937394247038917,0.0338409475465313,0.04230118443316413,0.039884241080301086,0.049654035930929034,0.01716238748474025,0.06875770778623597,0.05693739424703892,0.03272670749564344,0.0067836787135633556
294,SE-Hurdle-T5,0.06260575296108291,0.06598984771573604,0.05245346869712352,0.03722504230118443,0.04579614546504998,0.07509987114533466,0.019298183141267734,0.05373094107801241,0.05499153976311333,0.033317048692601936,0.010530985342920747
294,Hurdle-AR(5)-S-P,0.09225686890661511,0.06598984771573604,0.043993231810490696,0.1658206429780034,0.1414495015980831,0.19749833992410887,0.024171934388188474,0.08814759566852756,0.0590524534686972,0.0327087845390206,0.000692474393578342
295,SE-Hurdle-S,0.0773507372492144,0.09475465313028765,0.08460236886632826,0.05245346869712352,0.012033858328082486,0.0448020639568736,0.02371903122338229,0.06446016980473,0.054060913705583746,0.03052927888490703,0.00570935165139539
295,SE-Hurdle-T5,0.06639271613890904,0.08460236886632826,0.04060913705583756,0.04230118443316413,0.11028303639146239,0.08797140661055548,0.026549404691231012,0.06276670989187452,0.052707275803722475,0.02346182129301766,0.005705106392664687
295,Hurdle-AR(5)-S-P,0.11385061638868746,0.08460236886632826,0.08460236886632826,0.1895093062605753,0.12355415209316714,0.20531535112027197,0.030561368619016527,0.050789169275214215,0.058798646362098084,0.04310094640392553,0.0035180207291491544
296,SE-Hurdle-S,0.07074369510917734,0.07614213197969544,0.04230118443316413,0.05752961082910321,0.006526860637441623,0.05472927622140586,0.021070374207731564,0.05948992252867298,0.05169204737732658,0.027818842332716254,0.008236535073995972
296,SE-Hurdle-T5,0.06961566352429298,0.05245346869712352,0.043993231810490696,0.03553299492385787,0.004201105757512091,0.07761079744932764,0.015615579154290782,0.0670710968403826,0.05566835871404402,0.027468523272110967,0.011222806831964686
296,Hurdle-AR(5)-S-P,0.09080654258319232,0.06429780033840947,0.077834179357022,0.18612521150592218,0.19065416827098083,0.23882145435752433,0.0254982611261402,0.06029395943507336,0.06243654822335021,0.04343620543509252,0.0075303841560695264
297,SE-Hurdle-S,0.06333091612279429,0.10152284263959391,0.043993231810490696,0.049069373942470386,0.01640254980391126,0.05028390140853896,0.024120726660640607,0.07523973248242821,0.06463620981387486,0.02145774072258566,0.012329342148007336
297,SE-Hurdle-T5,0.06607042140037063,0.06260575296108291,0.04568527918781726,0.02707275803722504,0.12609317572718426,0.08898885757130832,0.021230247840104147,0.07412486301666749,0.052538071065989844,0.020449630823200615,0.011404413270931044
297,Hurdle-AR(5)-S-P,0.0823463056965595,0.05583756345177665,0.047377326565143825,0.15905245346869712,0.16803278751878248,0.20086986866923603,0.025800802465210024,0.05554543876066255,0.05228426395939084,0.03953128959988428,0.00233550736107465
298,SE-Hurdle-S,0.07541696881798406,0.07106598984771574,0.07445008460236886,0.07106598984771574,0.020304247125647823,0.03917768834485342,0.02900293352854017,0.05740373122604667,0.06125211505922168,0.0003177791936223584,0.00029869699881594075
298,SE-Hurdle-T5,0.06413665296914027,0.07445008460236886,0.04568527918781726,0.03722504230118443,0.03460168133171315,0.06955391340772489,0.019790792154546245,0.0598045939690037,0.056514382402707286,0.027187004058148723,0.005964395734294178
298,Hurdle-AR(5)-S-P,0.10949963741841914,0.07952622673434856,0.07614213197969544,0.20304568527918782,0.17003624067104073,0.211859088050848,0.03230147495908532,0.06900843770956512,0.06395939086294417,0.01725571313043206,0.0026063402100086827
299,SE-Hurdle-S,0.06212231085327532,0.06598984771573604,0.050761421319796954,0.038917089678511,0.032089617410961585,0.049706673225958425,0.019110307228445485,0.05943684730540667,0.05076142131979694,0.007759517844983188,0.004746709459841229
299,SE-Hurdle-T5,0.0771090161953106,0.1065989847715736,0.0727580372250423,0.047377326565143825,0.07080714693588028,0.07519924121677307,0.022378598760560475,0.06773934036739139,0.058206429780033875,0.029338299003165536,0.00038234361550986556
299,Hurdle-AR(5)-S-P,0.1022480058013053,0.049069373942470386,0.05922165820642978,0.16751269035532995,0.2196626253828833,0.2237277528691951,0.03155749217543252,0.0534902923935535,0.06412859560067685,0.02820033111921466,0.005287928030515365
