model,n,mu,sigma,var
global,27033,0.013471452437989192,0.9701391089472521,0.9411698907089683
