stage,dropout_intercept,dropout_gamma_positive,productivity_scale,p_dropout_at_scale
0,-0.9799758477067859,1.8240368990577485,6.0082704829463385,0.05710771942076435
1-4,-1.0489097700803924,1.8240368990577485,6.0082704829463385,0.05350722381406465
5-7,-0.8521291572460704,1.8240368990577485,6.0082704829463385,0.06439447778258663
8-20,-0.8197784630479399,1.8240368990577485,6.0082704829463385,0.06637122102307368
