p_init_active,positive_q0_exponential_scale,restart_exponential_scale,n_q0,n_restarts
0.8179969496695475,5.5458006340095345,3.9015444420525656,1967,1984
